primer,isIntendedSite,alignChrom,alignStrand,read1_anchor,umi_groups_cnt,genomic_seq
AAAAAAGCCATTATCAAAATATGCTTACCCTAATTTCTTGA,1,chr22,1,41565612,2,TTAAAGAAAAAAAGCCATTATCAAAATATGCTTACCCTAATTTCTTGACATATTCTAAATA
AAAAAAGCCATTATCAAAATATGCTTACCCTAATTTCTTGA,1,chr22,1,41565615,160,TAGTTAAAGAAAAAAAGCCATTATCAAAATATGCTTACCCTAATTTCTTGACATATTCTAA
AAAAATGTGAGCGCTATTGGCCTTTGTATG,0,chr12,0,53321878,1,ACAAAAACAAAAACAGGGAGCGCTCTTGGCCTTTGTGCTGGGGAAAAGAA
AAAAACTCGAAGTATGTTGCTATCCTCTGAACA,1,chr3,0,178919219,1,GCAATCAGGAAAAAAACTCGAAGTATGTTGCTATCCTCTGAACAACTAAAACT
AAAAACTCGAAGTATGTTGCTATCCTCTGAACA,1,chr3,0,178919220,270,CAATCAGGAAAAAAACTCGAAGTATGTTGCTATCCTCTGAACAACTAAAACTC
AAAAACTCGAAGTATGTTGCTATCCTCTGAACA,1,chr3,0,178919223,1,TCAGGAAAAAAACTCGAAGTATGTTGCTATCCTCTGAACAACTAAAACTCTGT
AAAAACAAAAAGCGTTAGTAGCAAAAGTGTCTCAG,0,chr15,0,91347465,1,TGTGAAAAAACAAAAAGCGTTAGTAGCAAAAGTGTCTCAGAGGGAAGAGATGGTT
AAAAACAAAAAGCGTTAGTAGCAAAAGTGTCTCAG,1,chr15,0,91347460,393,AGCAGTGTGAAAAAACAAAAAGCGTTAGTAGCAAAAGTGTCTCAGAGGGAAGAGA
AAAAACAAAAAGCGTTAGTAGCAAAAGTGTCTCAG,1,chr15,0,91347463,1,AGTGTGAAAAAACAAAAAGCGTTAGTAGCAAAAGTGTCTCAGAGGGAAGAGATGG
AAAAGACTTGCTTAAAATGATTTGTAAAGGCCACAA,0,chr1,1,30813711,1,TGGTGTGGAAGGAAGGGGTTTTATCATCAGGAATTTGAGGCCACAAAGGTGGATGC
AAAAGACTTGCTTAAAATGATTTGTAAAGGCCACAA,0,chr1,1,121485047,1,TGTCTAGCAGAATAGGAAGAAATCCCGTTTCCAACGAAGGCCACAAGATGTCAGAA
AAAAACAAAAAGCGTTAGTAGCAAAAGTGTCTCAG,0,chr5,0,118703157,1,AGTGGTACTAGAATAGTATAGAACCTACCAGCAAAAGTGTCTCAGAGTAATATTG
AAAAACCAACAGAAGTTAACAACTGGTCATCAATT,0,chr2,0,113379362,1,ATCAGGCACAGAATTGTTTTTTTTTTAACAACTGGTAATCAATTTATTAAAATAG
AAAATTAATAAGAAAGTTGTGCCCCTGGACTTTTCTA,0,chr2,1,136645160,1,TGAAGACACTTTTTCCCCAATCTGACTGAGCACCCAGGACTTTTCTACCCCAAACCC
AAAAACTGGCCCATTCAAAGCATGTCTTT,1,chr8,1,28409221,1,CATGAAAAAAACTGGCCCATTCAAAGCATGTCTTTTTGCTTCCAACCCA
AAAAACTGGCCCATTCAAAGCATGTCTTT,1,chr8,1,28409224,4,GACCATGAAAAAAACTGGCCCATTCAAAGCATGTCTTTTTGCTTCCAAC
AAAAACTGGCCCATTCAAAGCATGTCTTT,1,chr8,1,28409225,241,CGACCATGAAAAAAACTGGCCCATTCAAAGCATGTCTTTTTGCTTCCAA
AAAAACAAAAAGCGTTAGTAGCAAAAGTGTCTCAG,0,chr12,1,14010966,1,ATTTGCTCACCGTAGCTTAAACAAATGAGTCTGTGGGTGTCTCAGAACAAAGAGT
AAAAAATCTCTGAGATAGTCTGTAGCATGATAATTGGTATC,0,chrX,0,32583809,4,GGTTTAAAAAATCTCTGAGATAGTCTGTAGCATGATAATTGGTATCACTAACCTGTGCTGT