primer_id,pred_target_umi,pred_offtarget_umi,true_target_umi,true_offtarget_umi,n_sites,pred_total_umi,true_total_umi,pred_offtarget_rate,true_offtarget_rate
AAAAAGAAAGGTACCTCCAGAATTGCATCTTCGA,0.0,0.0,2392.0,1.0,9.0,0.0,2393.0,,0.0004178854993731718
AAAAAGACAGAGGTACCTGAATCAGCATTTGC,0.0,0.0,2580.0,16.0,26.0,0.0,2596.0,,0.0061633281972265025
AAAAATCAATCGTATCCTTACCAGCCATATCAGTCT,0.0,0.0,2591.0,3.0,12.0,0.0,2594.0,,0.001156515034695451
AAAAATTTCATAATTGTGATTTTCTAAAATAGCAGGCTCTT,0.0,0.0,2442.0,27.0,36.0,0.0,2469.0,,0.010935601458080195
AAAACAGAGTATATCCATTAAACATTCTTACCATCTGGAAC,0.0,0.0,2006.0,5.0,14.0,0.0,2011.0,,0.002486325211337643
AAACAACTGTGCAAACTGCTTGAACTCCTTT,0.0,0.0,2593.0,3.0,18.0,0.0,2596.0,,0.0011556240369799693
AAACATTTTTAAAAAGCATCACAGAGAGGAAGGATAGTG,0.0,0.0,2371.0,17.0,18.0,0.0,2388.0,,0.00711892797319933
AAACTGTTGTGCTGTTTGAATAAAAAGAAACAAGTTGTT,0.0,0.0,1792.0,0.0,13.0,0.0,1792.0,,0.0
AAAGAAACCGAGCTCCCGAGTAGAAACC,0.0,0.0,1916.0,21.0,21.0,0.0,1937.0,,0.010841507485802787
AAAGACTTTTTAAAAAGCTGATACTTGACAAGATTTTGGAT,0.0,0.0,1897.0,0.0,6.0,0.0,1897.0,,0.0
AAAGGTGCACTGTAATAATCCAGACTGTGTTTCTC,0.0,0.0,2198.0,11.0,24.0,0.0,2209.0,,0.004979628791308284
AAATCCAACAAAGACAAAGAAGGCAAGGTTTTCTAC,0.0,0.0,2237.0,24.0,32.0,0.0,2261.0,,0.010614772224679346
AAATTTTAGAATCCAGCATCCATTGAGAATCCCAAG,0.0,0.0,2952.0,6.0,17.0,0.0,2958.0,,0.002028397565922921
AACAAATGCTTAACACAGAATATTGTTATACAAATGCTACA,0.0,0.0,1760.0,2.0,10.0,0.0,1762.0,,0.0011350737797956867
AACAAGCACTTATCAAAACTGAAAAATTACAATGAAAGGTT,0.0,0.0,1975.0,3.0,14.0,0.0,1978.0,,0.0015166835187057635
AACAATGATAATGGCAAATATGATTGAAATGTAATCTGAGA,0.0,0.0,1634.0,1.0,13.0,0.0,1635.0,,0.0006116207951070336
AACACAGCTTATTTATTGGTCTCTCATTCTCCCATC,0.0,0.0,2220.0,25.0,39.0,0.0,2245.0,,0.011135857461024499
AACCCTCAATCAAAAGAAACTTATTAAATGAATTTGACAGG,0.0,0.0,2590.0,4.0,12.0,0.0,2594.0,,0.0015420200462606013
AACCGCCTGGATGACGGTCTCAG,0.0,0.0,703.0,271.0,161.0,0.0,974.0,,0.2782340862422998
AACCTCATCTGCTCTTTCTTGTAAATACACATTTGC,0.0,0.0,1757.0,1.0,9.0,0.0,1758.0,,0.0005688282138794084
AACGACTTACTCATTCCAATACGTTCTCTTTCTACG,0.0,0.0,1998.0,2.0,13.0,0.0,2000.0,,0.001
AACGGCTGCTGATAATTTTAGCACCCAGTAT,0.0,0.0,3023.0,5.0,12.0,0.0,3028.0,,0.0016512549537648614
AACTTCTGTAGATGCTTTTTCATAGGAGCCTTGAG,0.0,0.0,2059.0,49.0,57.0,0.0,2108.0,,0.023244781783681213
AAGAACATATCCGAGCTAGAGATTCATTAATTCAGTCTTTG,0.0,0.0,1867.0,0.0,8.0,0.0,1867.0,,0.0
AAGAAGGGTCTTCGTTTTGCAGGAGAATG,0.0,0.0,2201.0,317.0,271.0,0.0,2518.0,,0.12589356632247817
AAGAAGTCCAAACTCATTGAGACTAGGAATAATCGG,0.0,0.0,2343.0,0.0,19.0,0.0,2343.0,,0.0
AAGGAGAGCACGTCGTTCACCATGTAC,0.0,0.0,1780.0,2.0,12.0,0.0,1782.0,,0.001122334455667789
AAGGCAATGTGGCGGCTTGTAACA,0.0,0.0,2384.0,38.0,44.0,0.0,2422.0,,0.01568951279933939
AAGGTAAACATAATTGTTCCTTCTGAAATACTTTACCTCTT,0.0,0.0,1787.0,3.0,13.0,0.0,1790.0,,0.0016759776536312849
AAGTAATTTTTGCTTCTCTTACATGCCAGTTCT,0.0,0.0,2691.0,19.0,27.0,0.0,2710.0,,0.007011070110701107
AAGTATTTCCTTAATTCTGTTCTGAATTGCTGTCTTGTTA,0.0,0.0,2078.0,5.0,15.0,0.0,2083.0,,0.002400384061449832
AAGTCAAAGACCATGAAGACTACAACAGTGAGC,0.0,0.0,1952.0,53.0,65.0,0.0,2005.0,,0.026433915211970076
AAGTCTATTCCAAACCCCTATTTTCTCTACTTTGAACAT,0.0,0.0,2033.0,13.0,20.0,0.0,2046.0,,0.00635386119257087
AAGTGTTTTTCTGAACAAAACGTGATACTATACAACAAAGG,0.0,0.0,1803.0,3.0,11.0,0.0,1806.0,,0.0016611295681063123
AATAGAGATCAGAGGCTAAGGCGCACTTTTG,0.0,0.0,2422.0,22.0,33.0,0.0,2444.0,,0.00900163666121113
AATATCAGCCCAAAACCCTAATTTCAGCTATATTCC,0.0,0.0,2630.0,0.0,12.0,0.0,2630.0,,0.0
AATCAAAAGTACCACCAAATACTTACAGGGATTCCTAAAAG,0.0,0.0,2175.0,1.0,6.0,0.0,2176.0,,0.00045955882352941176
AATGGAGTGAATTTCATAGTAACGTCTGAGTCTACC,0.0,0.0,2357.0,8.0,15.0,0.0,2365.0,,0.0033826638477801266
AATGGTTCAGAAACAAATCGAGTGGGTTCTAATCA,0.0,0.0,2242.0,2.0,12.0,0.0,2244.0,,0.00089126559714795
AATGTCTCCTCATTTCCAGAGAGAAGACAGAGTAAT,0.0,0.0,2264.0,3.0,13.0,0.0,2267.0,,0.0013233348037053375
AATTTGGCTATAAAACACTTTAGTAATCTCTCACCATTACC,0.0,0.0,2532.0,7.0,21.0,0.0,2539.0,,0.0027569909413154787
ACAAATAAAGGACCCATTAGAACCAACTCCATAAAC,0.0,0.0,1612.0,1.0,9.0,0.0,1613.0,,0.0006199628022318661
ACAAATTTGAAATGAGTGGCTATACTGTTTGGAATGTG,0.0,0.0,3001.0,10.0,19.0,0.0,3011.0,,0.0033211557622052474
ACAAGTGATGCAGTAAATCATAGTCTTTCCTTCATAAGTG,0.0,0.0,2360.0,3.0,14.0,0.0,2363.0,,0.0012695725772323319
ACACACGATCACCAGTTACATTGTAAATGACTAACA,0.0,0.0,1970.0,5.0,19.0,0.0,1975.0,,0.002531645569620253
ACACAGGTGAGGAAATTGACTCCATCTTACC,0.0,0.0,1487.0,1.0,7.0,0.0,1488.0,,0.0006720430107526882
ACACCTGGCCAATATTATCTTTATTATACTGAAAGGCTTT,0.0,0.0,2603.0,8.0,12.0,0.0,2611.0,,0.003063960168517809
ACACGGCCACCAGCTCGTACTTC,0.0,0.0,1384.0,65.0,62.0,0.0,1449.0,,0.04485852311939269
ACAGATGTCACTTCCTCTAGCAGTACATCCTT,0.0,0.0,2204.0,7.0,15.0,0.0,2211.0,,0.003165988240615106
ACAGGTGACGGTGAAAATCTCAGTTCAGTA,0.0,0.0,2489.0,4.0,15.0,0.0,2493.0,,0.001604492579221821
ACAGTAATTCCACTTTTGAATCCTCTTTCTCTCATGTC,0.0,0.0,1474.0,5.0,13.0,0.0,1479.0,,0.0033806626098715348
ACAGTGCAGACGAGCTTGACATCAGAAA,0.0,0.0,1887.0,9.0,21.0,0.0,1896.0,,0.004746835443037975
ACATCTAAATGACTGAATGAGAACTTAAGTGGGAAACAA,0.0,0.0,1866.0,6.0,15.0,0.0,1872.0,,0.003205128205128205
ACATCTCTTTACTTTTCAGTGTCTACGAGCAGTTTT,0.0,0.0,1936.0,13.0,24.0,0.0,1949.0,,0.006670087224217547
ACATGTGAGCTTATGTGAAAAATCCTTTTATAAAGATTTGC,0.0,0.0,1534.0,1.0,8.0,0.0,1535.0,,0.0006514657980456026
ACATTCTTTTATATAACGAAAAGACTTCTTGCAGTGTAAAC,0.0,0.0,1738.0,2.0,10.0,0.0,1740.0,,0.0011494252873563218
ACCACGAATTACAATGAATTCAAGTTACCTGTGAT,0.0,0.0,2142.0,1.0,7.0,0.0,2143.0,,0.0004666355576294914
ACCTTCTGGTCCACGTTGAGCTTGTAC,0.0,0.0,1454.0,11.0,20.0,0.0,1465.0,,0.007508532423208191
ACCTTTGTATTTCTTTCTCATTGCCTTCACGTTTAAAC,0.0,0.0,2393.0,1.0,8.0,0.0,2394.0,,0.0004177109440267335
ACGCCCAGCCTAGACATTTTCTTAAACCTAC,0.0,0.0,3304.0,1.0,10.0,0.0,3305.0,,0.000302571860816944
ACGCTGCTGGATCCTCGCTACAA,0.0,0.0,2380.0,15.0,25.0,0.0,2395.0,,0.006263048016701462
ACGTCTGGCTTGGCAAAAACTACAGATATGT,0.0,0.0,1870.0,1.0,14.0,0.0,1871.0,,0.0005344735435595938
ACGTTCCTCTATAAATTCATTAAGGGAGCTTGTC,0.0,0.0,2214.0,18.0,27.0,0.0,2232.0,,0.008064516129032258
ACTAAGGTGTAGCCGAAAGTAGGAAGATCGA,0.0,0.0,1569.0,3.0,12.0,0.0,1572.0,,0.0019083969465648854
ACTACCCTAGAAACTGAGTTCTAAGTTTTCAATTGAAGAAC,0.0,0.0,1517.0,1.0,16.0,0.0,1518.0,,0.0006587615283267457
ACTAGGTCATTTGTGGTCAGAATTGTACCTTTG,0.0,0.0,2433.0,3.0,9.0,0.0,2436.0,,0.0012315270935960591
ACTCACGTAATTTTGTACTTTTTCTTCCTATTGGTCTTTGT,0.0,0.0,2255.0,3.0,14.0,0.0,2258.0,,0.001328609388839681
ACTCCCCAAAAGTCACTGTAAATCCAAGTTCAG,0.0,0.0,2030.0,11.0,19.0,0.0,2041.0,,0.005389514943655071
ACTCTGCAGCCAACATGCGAACTTG,0.0,0.0,2338.0,40.0,56.0,0.0,2378.0,,0.01682085786375105
ACTCTGGAATCCTGCCCTTACCATATTAATGTTG,0.0,0.0,2515.0,1.0,8.0,0.0,2516.0,,0.000397456279809221
ACTGCAGATGCTATACACAAGACTCAGAATAGATACAT,0.0,0.0,1611.0,0.0,13.0,0.0,1611.0,,0.0
ACTGCTCTCAAGAAATTAGAATTTAGTTCTTCACCAGATT,0.0,0.0,2106.0,4.0,12.0,0.0,2110.0,,0.0018957345971563982
ACTGTCTATTTCTTCCTCCTTCTAATCTCTCTCGATTTATT,0.0,0.0,2120.0,0.0,11.0,0.0,2120.0,,0.0
ACTGTGCTGTTTTGCCCTGGTGTG,0.0,0.0,1912.0,809.0,779.0,0.0,2721.0,,0.29731716280779125
ACTTGGATGTCATTGGATTTTTACACAAAAGTGCTTA,0.0,0.0,1724.0,4.0,15.0,0.0,1728.0,,0.0023148148148148147
ACTTGTCTTCAATTCCTGTTAAGTCAACTGGGAAAA,0.0,0.0,2694.0,7.0,21.0,0.0,2701.0,,0.00259163272861903
ACTTTCTTCTTCAGGCATTATTGTACCCAAGAGTG,0.0,0.0,2964.0,11.0,18.0,0.0,2975.0,,0.0036974789915966387
AGAAAAAGAGCCACATACAAATTGACATGCAGTG,0.0,0.0,2501.0,13.0,24.0,0.0,2514.0,,0.005171042163882259
AGAACAAAATCAAACAGAGAAATCTTTAAAATCTCCCAGTG,0.0,0.0,3111.0,12.0,22.0,0.0,3123.0,,0.0038424591738712775
AGAACAGCAAGAGAGACAACGGATCCAAC,0.0,0.0,2325.0,8.0,13.0,0.0,2333.0,,0.0034290612944706386
AGAATCCCGAACAAAATTATGGCCTGTTTATGC,0.0,0.0,2624.0,15.0,25.0,0.0,2639.0,,0.005683971201212581
AGAATGGCCAAAATAAATAAGGAAGAACACAAATGC,0.0,0.0,1705.0,16.0,25.0,0.0,1721.0,,0.009296920395119116
AGACATCCCACTGCTGTGCTCAAATAGG,0.0,0.0,2088.0,6.0,15.0,0.0,2094.0,,0.0028653295128939827
AGAGAAGATATTTGAGAAGCATGCTCCGACTTTTC,0.0,0.0,2318.0,6.0,15.0,0.0,2324.0,,0.0025817555938037868
AGAGCTCAATTTCTTAGCATTTATAAAATAAGTACTCCAGT,0.0,0.0,2309.0,7.0,14.0,0.0,2316.0,,0.0030224525043177895
AGAGCTTTGTTTCAGTTATTCCGAAGCTCTG,0.0,0.0,2145.0,13.0,19.0,0.0,2158.0,,0.006024096385542169
AGAGGATCGTAAACGCTTCTTATGTAAAGCAGTTG,0.0,0.0,2625.0,5.0,14.0,0.0,2630.0,,0.0019011406844106464
AGAGGCTGTTAATTTGCTATAATATTAGCTACATCTGGAAT,0.0,0.0,2470.0,6.0,18.0,0.0,2476.0,,0.0024232633279483036
AGAGTATCTCTTCACCTGTTTCAAAGAGGAAACC,0.0,0.0,1942.0,12.0,27.0,0.0,1954.0,,0.006141248720573183
AGATGGATTTCTGGAAGTAGAGTTTTTAATCACCAGTG,0.0,0.0,2296.0,7.0,17.0,0.0,2303.0,,0.00303951367781155
AGATTTCAATTCTTTTGACAACAAATAGAGCTTTAAGTCTA,0.0,0.0,1521.0,0.0,10.0,0.0,1521.0,,0.0
AGCCTGTGCCTAACCATCGAGAAGAC,0.0,0.0,2360.0,9.0,23.0,0.0,2369.0,,0.003799071338117349
AGCTAAAGTTGGAATGGCTGAAATCATCTTTGC,0.0,0.0,2474.0,14.0,31.0,0.0,2488.0,,0.005627009646302251
AGCTACATCTCTCTTATCCCAAAATAAATGGATCATATTCC,0.0,0.0,2087.0,1.0,12.0,0.0,2088.0,,0.0004789272030651341
AGCTCAAGCAATATTAATGAAGTAGGTTCCAGTACT,0.0,0.0,2510.0,8.0,15.0,0.0,2518.0,,0.003177124702144559
AGCTGGTAACCTCCTTGATGGTATCTTCTGA,0.0,0.0,2387.0,2.0,12.0,0.0,2389.0,,0.0008371703641691084
AGCTTTATTTCCCTTCATAAAAGTTCTCTTGGTGATAGC,0.0,0.0,2646.0,1.0,7.0,0.0,2647.0,,0.00037778617302606723
AGCTTTCCCACGGACACAAGTTTTCTACT,0.0,0.0,1263.0,1.0,10.0,0.0,1264.0,,0.0007911392405063291
AGGAAAAGTGATCCTGTATACATACCCATGAGATC,0.0,0.0,1828.0,9.0,16.0,0.0,1837.0,,0.004899292324442025
AGGAAACATGCCGGAGTGTTCCCTAG,0.0,0.0,3005.0,36.0,46.0,0.0,3041.0,,0.01183821111476488
AGGAACTTTCTTGATAAGACTCTCCACCC,0.0,0.0,2197.0,268.0,268.0,0.0,2465.0,,0.10872210953346856
AGGACACCTTGTTGGAGTGTGTGAATAAGAAG,0.0,0.0,1378.0,8.0,16.0,0.0,1386.0,,0.005772005772005772
AGGAGCAAACGATGGTTGTATTTGTCACCATA,0.0,0.0,2643.0,4.0,12.0,0.0,2647.0,,0.001511144692104269
AGGCTGAGTGGGCTACGTCTGC,0.0,0.0,2352.0,674.0,453.0,0.0,3026.0,,0.22273628552544614
AGTAACGAGATACTTTCCTGAGTGCCATAATCAGT,0.0,0.0,2289.0,3.0,16.0,0.0,2292.0,,0.0013089005235602095
AGTACTATAGCTGAAAATGACAAAAATCATCTCTCCGAAA,0.0,0.0,2379.0,0.0,11.0,0.0,2379.0,,0.0
AGTCACTGTCATTGCATATACCAGTGATACTTGAAG,0.0,0.0,1526.0,4.0,13.0,0.0,1530.0,,0.00261437908496732
AGTCATTAAACGTGTCTCTATTGGTCTGTGACATTG,0.0,0.0,2259.0,27.0,31.0,0.0,2286.0,,0.011811023622047244
AGTGTGAGGTGGGCTGGTTTGTCTAAG,0.0,0.0,2794.0,56.0,63.0,0.0,2850.0,,0.019649122807017545
AGTTGATATGGGTTTCTTTTAATAGGTCCGAGTG,0.0,0.0,2323.0,9.0,23.0,0.0,2332.0,,0.0038593481989708405
AGTTTCATCACTGTCTGCGGTAATCAAGTTTTTAGA,0.0,0.0,2008.0,0.0,5.0,0.0,2008.0,,0.0
AGTTTTATTTCACAGGCTTAACCAATACGTGTTAAAAGC,0.0,0.0,2648.0,3.0,13.0,0.0,2651.0,,0.001131648434552999
AGTTTTTTCCAATAGAAATATCAAGACCAAAGGGTTACATT,0.0,0.0,1542.0,4.0,12.0,0.0,1546.0,,0.00258732212160414
ATAAAGCATTCGATCCTTCTCAGACAATTTCTCTCA,0.0,0.0,1687.0,3.0,12.0,0.0,1690.0,,0.0017751479289940828
ATAACCTCCTTCCCAGAATCCAGGTTTACTATGT,0.0,0.0,2060.0,0.0,5.0,0.0,2060.0,,0.0
ATACAAAAGCCACGATTATTACGTACCTCTTCAAAG,0.0,0.0,2548.0,1.0,11.0,0.0,2549.0,,0.00039231071008238524
ATACTGCCCAATTTTCTCCTGATTGTTCCAGAG,0.0,0.0,3076.0,10.0,17.0,0.0,3086.0,,0.0032404406999351912
ATATTTACTGATGTGAACATACAGCGATGTGTACAC,0.0,0.0,2405.0,14.0,29.0,0.0,2419.0,,0.005787515502273667
ATCAACGAAGAGTCAGAACTTTAATGTTAGCAAT,0.0,0.0,2095.0,13.0,22.0,0.0,2108.0,,0.006166982922201139
ATCAAGCTTGCCTTTGAAGAGTTTGAGCTG,0.0,0.0,1833.0,47.0,56.0,0.0,1880.0,,0.025
ATCCACAGATGAAACTTTCTCCCAAGTTAACCA,0.0,0.0,2547.0,8.0,20.0,0.0,2555.0,,0.0031311154598825833
ATCCATTGTTCTGTCTTTCCTGGGAAGTTATTCATC,0.0,0.0,2198.0,2.0,10.0,0.0,2200.0,,0.0009090909090909091
ATCCTCACAAGGTGGTTTAAATGTCCCCTTAG,0.0,0.0,2121.0,4.0,13.0,0.0,2125.0,,0.0018823529411764706
ATCTAGTTCACTAGGTGAGATATTTGTTGGAATGGC,0.0,0.0,2357.0,20.0,28.0,0.0,2377.0,,0.008413967185527976
ATCTCACAATTGCCAGTTAACGTCTTCCTTCTC,0.0,0.0,2393.0,16.0,20.0,0.0,2409.0,,0.006641760066417601
ATCTCCATTTTAGCACTTACCTGTGACTCCATAGAA,0.0,0.0,2157.0,34.0,20.0,0.0,2191.0,,0.015518028297581013
ATCTCTCTGCCTTTTGATTTTGGATAGCCTGTC,0.0,0.0,2314.0,3.0,8.0,0.0,2317.0,,0.001294777729823047
ATCTTCTTCAAGAGCAAAGGTATGGAAGGACAAC,0.0,0.0,2346.0,17.0,26.0,0.0,2363.0,,0.007194244604316547
ATGACACAGCTGCAAAAACACTTGTTCTCTG,0.0,0.0,2361.0,11.0,20.0,0.0,2372.0,,0.00463743676222597
ATGACATCTATGAATGTACCATGTTAATGTCTTCTTGTTCC,0.0,0.0,1992.0,9.0,18.0,0.0,2001.0,,0.004497751124437781
ATGAGGCCACTGATGCTGAGTGAATATTCC,0.0,0.0,2390.0,1.0,8.0,0.0,2391.0,,0.0004182350480970305
ATGCGTGTTCGACCATTCATAAATCAGGTACT,0.0,0.0,1592.0,2.0,8.0,0.0,1594.0,,0.0012547051442910915
ATGTACAAAAATTACCACTTGTACTAGTATGCCTTAAGAAA,0.0,0.0,2147.0,2.0,9.0,0.0,2149.0,,0.0009306654257794323
ATGTCATGATTCATCTTACTAGCCTCAAACATATCTTCTT,0.0,0.0,1948.0,0.0,13.0,0.0,1948.0,,0.0
ATGTGAGAGCCCAGATTCGTCTGCAATT,0.0,0.0,2909.0,16.0,29.0,0.0,2925.0,,0.00547008547008547
ATGTTAACTCCATCTTAACAGAGGTCATCTCAGAAC,0.0,0.0,2050.0,15.0,23.0,0.0,2065.0,,0.007263922518159807
ATGTTTGTTTCCTGATTGGCCTTTCAGAAATAAGTG,0.0,0.0,1981.0,2.0,10.0,0.0,1983.0,,0.0010085728693898135
ATTCTTCTTTCACCGGCACTCAGCTATACC,0.0,0.0,3072.0,52.0,83.0,0.0,3124.0,,0.016645326504481434
ATTGCTCTACTATGAGGTGAATTGAGGTCCCTAA,0.0,0.0,2563.0,8.0,16.0,0.0,2571.0,,0.0031116297160637884
ATTTAGGCATTCGACTCATCTCAGCATTAAAGTGAT,0.0,0.0,2461.0,3.0,11.0,0.0,2464.0,,0.0012175324675324675
ATTTCTCCGAGGTGTGAAATTTGGAGGCTAT,0.0,0.0,2269.0,33.0,48.0,0.0,2302.0,,0.014335360556038228
ATTTGTCTGTCACTGGTTAAAACTAAGGTGGGATTT,0.0,0.0,2566.0,104.0,28.0,0.0,2670.0,,0.03895131086142322
ATTTTATTTCAGTTGGTTAGAAGCAAACGCTGAAT,0.0,0.0,2196.0,2.0,10.0,0.0,2198.0,,0.0009099181073703367
CAAAAAACACATCCATGGAATATGTTCTTTTGCATACAG,0.0,0.0,1556.0,2.0,9.0,0.0,1558.0,,0.0012836970474967907
CAAAAACAAAAGCTAATAATGGAGCCACATAACACATTC,0.0,0.0,2551.0,5.0,14.0,0.0,2556.0,,0.0019561815336463224
CAAAACTCAGTGCCTTTCTTTCATTCTCTCAATCAG,0.0,0.0,1881.0,1.0,10.0,0.0,1882.0,,0.0005313496280552603
CAAAAGGCATCTTTATCGTCAAACCAAGTGAGTG,0.0,0.0,2630.0,14.0,23.0,0.0,2644.0,,0.00529500756429652
CAAAATCTTGATACAGGAGTAAACATGGAAGTACTAACTTC,0.0,0.0,1985.0,2.0,9.0,0.0,1987.0,,0.0010065425264217413
CAAACAAAGCTTCAACAATTTACTCTCCCATGTACC,0.0,0.0,2554.0,8.0,20.0,0.0,2562.0,,0.00312256049960968
CAAACTCAGGGTTTCCTTCTCGCTGATTC,0.0,0.0,2392.0,20.0,32.0,0.0,2412.0,,0.008291873963515755
CAAAGCCTTTTGGAGTGAGAATAATTGGGACAG,0.0,0.0,2640.0,7.0,12.0,0.0,2647.0,,0.0026445032111824707
CAAATGAATGGGCCTGGTTAGAATGTTTCTCAAC,0.0,0.0,2250.0,5.0,15.0,0.0,2255.0,,0.0022172949002217295
CAAATTGGTCCCTGGGCTTTTTAAAGGTATCTG,0.0,0.0,1661.0,7.0,15.0,0.0,1668.0,,0.004196642685851319
CAAATTTCTTCTAGGCAGAACGCTTTGAGAGAAGTA,0.0,0.0,2786.0,2.0,12.0,0.0,2788.0,,0.0007173601147776184
CAACACAGGGTCCATATCTCTTGGACACA,0.0,0.0,2485.0,34.0,45.0,0.0,2519.0,,0.013497419610956728
CAAGACCCATCCTAGGTAATCTTTTCATTGTCATTC,0.0,0.0,1882.0,11.0,21.0,0.0,1893.0,,0.005810882197569995
CAAGCATTGGAGGAATATCGTAGGTAAAAATGC,0.0,0.0,1508.0,1.0,10.0,0.0,1509.0,,0.0006626905235255136
CAAGCTGTCTCTCTCCCAGTTCATTGAGG,0.0,0.0,1623.0,21.0,37.0,0.0,1644.0,,0.012773722627737226
CAAGTGCAAGTAGCTTCTCAGGTGAGATACT,0.0,0.0,1968.0,2.0,12.0,0.0,1970.0,,0.0010152284263959391
CAATACATGGAAGGATGAGAATTTCAAGCACTTACT,0.0,0.0,1949.0,3.0,8.0,0.0,1952.0,,0.0015368852459016393
CAATACTGGACTGGTGCTTTTCTATACCACATTC,0.0,0.0,1960.0,2.0,10.0,0.0,1962.0,,0.0010193679918450561
CAATCGTCAAGGATTTAGCAAATGAATTAGCACTTC,0.0,0.0,2206.0,0.0,7.0,0.0,2206.0,,0.0
CAATCTGGGTTCAAAACAGATCATCACAAGGT,0.0,0.0,1910.0,0.0,8.0,0.0,1910.0,,0.0
CAATCTGTCTTTGTAGCCTCGTCTGATCAAAATG,0.0,0.0,2540.0,4.0,14.0,0.0,2544.0,,0.0015723270440251573
CAATGAAACCCCCAAGAAAGTACCTGAGGTT,0.0,0.0,3026.0,6.0,20.0,0.0,3032.0,,0.001978891820580475
CAATGTCAAAGTCTCTATGAGTACAGAAGGACACA,0.0,0.0,1882.0,71.0,76.0,0.0,1953.0,,0.03635432667690732
CACAACAAGTTCTTGAAAAGCTATTGACTCTTAAAAGCT,0.0,0.0,1347.0,0.0,5.0,0.0,1347.0,,0.0
CACAACTGAGCCCTGGGATTTATGATGACA,0.0,0.0,2442.0,6.0,17.0,0.0,2448.0,,0.0024509803921568627
CACAATATCACCAGAAATCTCCACGGAAACC,0.0,0.0,2069.0,32.0,39.0,0.0,2101.0,,0.015230842455973346
CACACACCACCCAGCTAGTTAGACGT,0.0,0.0,1678.0,3.0,9.0,0.0,1681.0,,0.001784651992861392
CACACCTTGTCTGTCACTGCCAATGG,0.0,0.0,2138.0,170.0,181.0,0.0,2308.0,,0.07365684575389948
CACACTTGCAGAAACAGTATTGGCTGATCG,0.0,0.0,2494.0,5.0,17.0,0.0,2499.0,,0.0020008003201280513
CACAGAAATTTTTGGCCCTAATTCATATATAACTCATCATC,0.0,0.0,2542.0,1.0,10.0,0.0,2543.0,,0.00039323633503735744
CACAGAATAATCGAGTCTTGTCAAGAAGCATTCATC,0.0,0.0,2159.0,8.0,16.0,0.0,2167.0,,0.0036917397323488694
CACAGCAGAAACCTACAACTCATGGAAGGTAAA,0.0,0.0,2151.0,1.0,9.0,0.0,2152.0,,0.00046468401486988845
CACAGGGACAGACAGTGGTTGAATCAC,0.0,0.0,2578.0,903.0,43.0,0.0,3481.0,,0.25940821602987646
CACCAAGATGAGCACTGTCCTCTCTAAAGTG,0.0,0.0,2108.0,7.0,19.0,0.0,2115.0,,0.003309692671394799
CACCACTTTCTTCAAGACTTCCACAGAGATCTC,0.0,0.0,2114.0,8.0,19.0,0.0,2122.0,,0.003770028275212064
CACCAGGGCGACTACAGTTCCTTTACAG,0.0,0.0,2804.0,10.0,13.0,0.0,2814.0,,0.0035536602700781805
CACCATCAGCGCTAGACAAGAATTCTATTCCTC,0.0,0.0,1740.0,3.0,11.0,0.0,1743.0,,0.0017211703958691911
CACCCTCGCCTGTACCTAGTCGTAC,0.0,0.0,1288.0,4.0,12.0,0.0,1292.0,,0.0030959752321981426
CACCTAGAGTGTGACAAACCAACAGATCAT,0.0,0.0,1707.0,3.0,10.0,0.0,1710.0,,0.0017543859649122807
CACCTCCATCTCTTCAGCCCCTGAG,0.0,0.0,2766.0,392.0,458.0,0.0,3158.0,,0.12412919569347688
CACCTGAGGAAACGGTCTGAGAAGTACTATTTG,0.0,0.0,1870.0,2.0,14.0,0.0,1872.0,,0.0010683760683760685
CACCTTATACTGACTCAGAGGATATTTTTCTAGGAAGTA,0.0,0.0,1937.0,2.0,7.0,0.0,1939.0,,0.0010314595152140279
CACTCATCAGGCATGCTGTAATAGAGATGTCAT,0.0,0.0,2089.0,138.0,33.0,0.0,2227.0,,0.06196677144140099
CACTGTTGGCAAGTCAGTCAATTTGGAAGAG,0.0,0.0,2851.0,7.0,17.0,0.0,2858.0,,0.00244926522043387
CAGAAACCGAAAAATGTCTAGCAAATCCAAAAAGTG,0.0,0.0,1954.0,1.0,9.0,0.0,1955.0,,0.0005115089514066496
CAGAAACCTTAACCATACTGCCGTATATGATTACGT,0.0,0.0,2096.0,0.0,10.0,0.0,2096.0,,0.0
CAGAAGACTGGGACATGTTGGATGTTGATGAAG,0.0,0.0,2088.0,9.0,21.0,0.0,2097.0,,0.004291845493562232
CAGAAGCCCTGGTGATATGTTATGGCCTAG,0.0,0.0,2379.0,6.0,12.0,0.0,2385.0,,0.0025157232704402514
CAGAAGTTACAGTTGTGCAAAGCTTCAACACT,0.0,0.0,2560.0,89.0,37.0,0.0,2649.0,,0.033597583993959984
CAGACAGAAGCTTTTAGTTGAGAAGATGAACATTCA,0.0,0.0,1869.0,2.0,9.0,0.0,1871.0,,0.0010689470871191875
CAGAGAATATATTTGGTGGCATTTACGAATCACTTCTTCA,0.0,0.0,2387.0,3.0,15.0,0.0,2390.0,,0.0012552301255230125
CAGAGACCAGCACGAGTACTCTAACTCTG,0.0,0.0,2340.0,1.0,10.0,0.0,2341.0,,0.00042716787697565144
CAGATATGGCTCAGAACCTTCTCATGGATCA,0.0,0.0,1866.0,7.0,16.0,0.0,1873.0,,0.0037373198077949813
CAGATCGCTTCTTTGAATTCCAAGTGCAAGAT,0.0,0.0,2170.0,3.0,12.0,0.0,2173.0,,0.0013805798435342844
CAGATGAACTCTTTGAGAATGAAAATGACTGTTTCTGTG,0.0,0.0,2272.0,14.0,16.0,0.0,2286.0,,0.006124234470691163
CAGCACAAACCTGAAGTTGTAGAAATCCATGT,0.0,0.0,2204.0,4.0,14.0,0.0,2208.0,,0.0018115942028985507
CAGCAGATTCCAGTAACCGCAAACCTTG,0.0,0.0,2627.0,17.0,27.0,0.0,2644.0,,0.006429652042360061
CAGCAGTGGTCACTTCAGATGGCAAAC,0.0,0.0,3083.0,55.0,64.0,0.0,3138.0,,0.01752708731676227
CAGCATGCCAAGGATTTCAAGGAATATCACA,0.0,0.0,1173.0,1.0,8.0,0.0,1174.0,,0.0008517887563884157
CAGCCAAGACAGTTCACAAGAGCTTCG,0.0,0.0,2417.0,4.0,17.0,0.0,2421.0,,0.0016522098306484924
CAGCGGCCGGGTTTTATGGACC,0.0,0.0,2725.0,36.0,50.0,0.0,2761.0,,0.013038754074610649
CAGGAAAAGAACTTCGCCAGTGTATGCTAC,0.0,0.0,2148.0,9.0,19.0,0.0,2157.0,,0.004172461752433936
CAGGACCTCTGCTCATAGGAGTTGTCAC,0.0,0.0,2266.0,23.0,35.0,0.0,2289.0,,0.010048055919615552
CAGGAGACGTCCCTGACCTTACAGTC,0.0,0.0,2296.0,28.0,41.0,0.0,2324.0,,0.012048192771084338
CAGGATTTGAAGATATTACGAACTTTGCTGCAGTAT,0.0,0.0,2918.0,5.0,12.0,0.0,2923.0,,0.0017105713308244953
CAGGCATGCTAGTAGTGATAAGATTGCCAAATGTAA,0.0,0.0,2707.0,2.0,13.0,0.0,2709.0,,0.0007382798080472499
CAGGCTGACCCAGTAAATAACTTCCAGAATTCTC,0.0,0.0,2558.0,0.0,11.0,0.0,2558.0,,0.0
CAGGCTGGAGTGAGCAGTTACCAGATAC,0.0,0.0,2869.0,4.0,10.0,0.0,2873.0,,0.0013922728854855553
CAGGGAGGCAGCTGTACCGGATTT,0.0,0.0,2714.0,31.0,38.0,0.0,2745.0,,0.011293260473588343
CAGGGTATCCGGGTAATTATTTTAACTCCCAGAC,0.0,0.0,2757.0,14.0,28.0,0.0,2771.0,,0.005052327679538073
CAGGTAAGTGAGATATCAGCTGGTCAAACTAATGG,0.0,0.0,2328.0,4.0,14.0,0.0,2332.0,,0.0017152658662092624
CAGGTCCCTGGTGAGATTAGAAACGTTTG,0.0,0.0,1922.0,1.0,7.0,0.0,1923.0,,0.0005200208008320333
CAGGTGAAGCAGTTGGACTTAGATCAACTCT,0.0,0.0,2058.0,1.0,13.0,0.0,2059.0,,0.00048567265662943174
CAGGTGGCCCTACCTCAAAATTATTACTATTAGATATGG,0.0,0.0,1379.0,0.0,6.0,0.0,1379.0,,0.0
CAGGTGTGACGCTTGAGTCGGATTC,0.0,0.0,1601.0,4.0,12.0,0.0,1605.0,,0.0024922118380062306
CAGTCCATTCTGCAGAGTTTTCCTTCTTGAAC,0.0,0.0,2408.0,7.0,12.0,0.0,2415.0,,0.002898550724637681
CAGTCCCACTAGCATCTCAGGAATGACAG,0.0,0.0,1841.0,32.0,41.0,0.0,1873.0,,0.017084890549919914
CAGTGTGACTCTGGCTATAAGATTCTTGACCC,0.0,0.0,748.0,5.0,15.0,0.0,753.0,,0.006640106241699867
CAGTGTTTGAACTCCTCTCCTTTATCTCATCATTCC,0.0,0.0,1753.0,7.0,19.0,0.0,1760.0,,0.003977272727272727
CAGTTCAACTTTTGGGCCAAGACCTTCAAAA,0.0,0.0,2653.0,13.0,21.0,0.0,2666.0,,0.004876219054763691
CAGTTGGTACTCAGTACATATTTGTTGGACTGACT,0.0,0.0,2365.0,17.0,25.0,0.0,2382.0,,0.007136859781696054
CATAACTTGCTGCAATTTTAGAACTCGCTTGT,0.0,0.0,3164.0,8.0,16.0,0.0,3172.0,,0.0025220680958385876
CATACCTTGTTGGCTACATCTCCAAAAGTCAAG,0.0,0.0,2505.0,3.0,9.0,0.0,2508.0,,0.0011961722488038277
CATAGCTAATTGATTTTCATGTCCTTTGGGCTACAT,0.0,0.0,2665.0,35.0,48.0,0.0,2700.0,,0.012962962962962963
CATAGGCTGGTAGGTTCCCGGATATCC,0.0,0.0,2540.0,11.0,27.0,0.0,2551.0,,0.00431203449627597
CATATAGGACGTCAACACCAGTAGAAACATAGACTG,0.0,0.0,2705.0,0.0,9.0,0.0,2705.0,,0.0
CATATGGTTTTCCTTTGGTAATGGCACCTTCAA,0.0,0.0,1704.0,36.0,46.0,0.0,1740.0,,0.020689655172413793
CATCACAGGAGGATATTTTACACATTTCTTGAATCTTTAGC,0.0,0.0,1858.0,1.0,8.0,0.0,1859.0,,0.0005379236148466917
CATCATACCCCGTTGATTAAAACAAGCCTTTCTTAG,0.0,0.0,2460.0,2.0,12.0,0.0,2462.0,,0.0008123476848090983
CATCGTCTACAAGATGAAGAGTGGTACCAAGAA,0.0,0.0,1417.0,2.0,12.0,0.0,1419.0,,0.0014094432699083862
CATCTCATGAAGTCGATATTCAATGGCCCTCT,0.0,0.0,2262.0,67.0,75.0,0.0,2329.0,,0.028767711464147704
CATCTGTCACATCTCCTTCAATAGGGCTTGA,0.0,0.0,2579.0,4.0,19.0,0.0,2583.0,,0.001548586914440573
CATCTTTATCATTCCAGATCAAAGGGTGGTCATTTG,0.0,0.0,2462.0,19.0,27.0,0.0,2481.0,,0.007658202337767029
CATGAAGTGTTGAACCCAATGTATTGCCTGTTT,0.0,0.0,2490.0,3.0,11.0,0.0,2493.0,,0.0012033694344163659
CATGCCTGGTTTTACTTCCACGGTTTTGT,0.0,0.0,2832.0,6.0,10.0,0.0,2838.0,,0.0021141649048625794
CATGGCCTGACGACTCGTGCTATTTTTC,0.0,0.0,1653.0,0.0,9.0,0.0,1653.0,,0.0
CATGTAGAAAATTGATGCCATTAGCTGCACCC,0.0,0.0,2888.0,1264.0,1116.0,0.0,4152.0,,0.3044315992292871
CATGTTGCCCCGTTTGTCAGAGAGTTTT,0.0,0.0,2815.0,5.0,15.0,0.0,2820.0,,0.0017730496453900709
CATGTTTCAGTTTTGGCCCCATTCTATCGA,0.0,0.0,3021.0,1.0,10.0,0.0,3022.0,,0.00033090668431502316
CATTCAACACTGATACCCAAAATGAATGCACTCATT,0.0,0.0,2094.0,9.0,22.0,0.0,2103.0,,0.0042796005706134095
CATTGTCTCCTCCTCCAAAAGACCATACAGTT,0.0,0.0,2687.0,0.0,8.0,0.0,2687.0,,0.0
CATTTTGTGATTTGAGTCATTTCATTTATATGCTCACTAGA,0.0,0.0,2047.0,1.0,7.0,0.0,2048.0,,0.00048828125
CCAACTCAAGGCACATCAATTAAAGAAGTATTAAGTCAAA,0.0,0.0,1853.0,3.0,13.0,0.0,1856.0,,0.0016163793103448276
CCAAGAAGTCCTCTTATCACCCCATAACAGTG,0.0,0.0,1959.0,3.0,13.0,0.0,1962.0,,0.0015290519877675841
CCAAGACCAGAAATACATAGCTGCTGAAACTCTAG,0.0,0.0,2308.0,7.0,15.0,0.0,2315.0,,0.003023758099352052
CCAAGGATGGCTGCAGCTTCATATGATCA,0.0,0.0,1678.0,16.0,24.0,0.0,1694.0,,0.009445100354191263
CCACAATGTCCTCTGTCTCCCTAGAGTCAC,0.0,0.0,2540.0,38.0,63.0,0.0,2578.0,,0.01474010861132661
CCACAGAGATAGCACCTAGAAAGCTGAATTAAGC,0.0,0.0,2163.0,0.0,8.0,0.0,2163.0,,0.0
CCACCTTTTTGTGTTCTCCTAACTTATGTTTCCTC,0.0,0.0,2192.0,7.0,19.0,0.0,2199.0,,0.0031832651205093224
CCACGTACAGTTCAGCGAGTCGTGATTC,0.0,0.0,2114.0,16.0,22.0,0.0,2130.0,,0.007511737089201878
CCACTAAGAAGGCATTTCGCTAGTCAAAACCTAA,0.0,0.0,2930.0,5.0,10.0,0.0,2935.0,,0.0017035775127768314
CCACTAATGCCTCCCTAGGTTAAGTAAGCAGTA,0.0,0.0,2612.0,5.0,10.0,0.0,2617.0,,0.0019105846388995033
CCACTTGCATGTTCGTGGCCTCTAA,0.0,0.0,2055.0,76.0,80.0,0.0,2131.0,,0.03566400750821211
CCAGAGCTGATTCAGACCCACAAGTCTC,0.0,0.0,2066.0,94.0,61.0,0.0,2160.0,,0.04351851851851852
CCAGAGGCTAGCAGTTCAACTTCTGTAACA,0.0,0.0,1340.0,2.0,11.0,0.0,1342.0,,0.0014903129657228018
CCAGATTTTCTCCCCTGATTGTGACCTTCG,0.0,0.0,2901.0,8.0,17.0,0.0,2909.0,,0.002750085940185631
CCAGCATAGCGTGGGATTTCCTTAGGTA,0.0,0.0,2489.0,5.0,16.0,0.0,2494.0,,0.002004811547714515
CCAGGGATATTTTACCAGATAGCACACCCTACT,0.0,0.0,2651.0,24.0,34.0,0.0,2675.0,,0.00897196261682243
CCAGGTATCTGTGTATCTCTAGGAGTGAGTGTAA,0.0,0.0,2205.0,7.0,19.0,0.0,2212.0,,0.0031645569620253164
CCATATTTGGTCCAGTAACAAGCACACAATAGG,0.0,0.0,2432.0,7.0,20.0,0.0,2439.0,,0.002870028700287003
CCATCAGGGAAAGGAGAGGATAGATTGTTCCA,0.0,0.0,2055.0,3.0,10.0,0.0,2058.0,,0.0014577259475218659
CCATGAAGAGCGAGCACCTCATTTCC,0.0,0.0,2238.0,95.0,92.0,0.0,2333.0,,0.04072010287183883
CCATGATGGTAGTTTTCTTCCTTAACCTAAATATGATTGC,0.0,0.0,2415.0,4.0,9.0,0.0,2419.0,,0.0016535758577924762
CCATTCCCACAATACCTCCGTACTGAGTG,0.0,0.0,2667.0,12.0,19.0,0.0,2679.0,,0.004479283314669653
CCATTCTGAGAAACTTTGCTTTCCATTTGAGTCAAC,0.0,0.0,2449.0,13.0,21.0,0.0,2462.0,,0.005280259951259139
CCATTGAAGGAAGCTTCTCTTTCTCTTATCCTGATG,0.0,0.0,2344.0,5.0,18.0,0.0,2349.0,,0.0021285653469561515
CCATTGACGCGGTCTATCCAGTAAAAAGC,0.0,0.0,2277.0,1.0,8.0,0.0,2278.0,,0.0004389815627743635
CCCAAAATGAATGCACTCATTTTCTATACAGTAATTACCTT,0.0,0.0,1624.0,0.0,10.0,0.0,1624.0,,0.0
CCCAAACAGGTCCTTCGGAGTCTACA,0.0,0.0,1987.0,13.0,20.0,0.0,2000.0,,0.0065
CCCAAAGGGCAGTAAGATAGGAAACAGTGT,0.0,0.0,2127.0,6.0,11.0,0.0,2133.0,,0.0028129395218002813
CCCAAAGTGTAAAGAAATGCAGAATTCTCTCAATAATGAT,0.0,0.0,1616.0,1.0,9.0,0.0,1617.0,,0.0006184291898577613
CCCACCCCGCTACCTGGTGG,0.0,0.0,1154.0,1607.0,663.0,0.0,2761.0,,0.582035494386092
CCCACGCTCTTCTCACTCATATCCTCCT,0.0,0.0,2909.0,29.0,38.0,0.0,2938.0,,0.009870660313138189
CCCACTCCTTGCTTCTCAGATGAAACCA,0.0,0.0,1839.0,12.0,26.0,0.0,1851.0,,0.006482982171799027
CCCACTGGAAGGGCATTTGAACTTCACT,0.0,0.0,2228.0,17.0,26.0,0.0,2245.0,,0.0075723830734966595
CCCACTGGGTTTCCTTCGAGTCG,0.0,0.0,1944.0,13.0,24.0,0.0,1957.0,,0.006642820643842616
CCCAGCACCCACCTTCGAAGTC,0.0,0.0,2753.0,132.0,101.0,0.0,2885.0,,0.045753899480069325
CCCATAGGCAATCTATTTAATGTCATCCCCCTTA,0.0,0.0,2599.0,1.0,6.0,0.0,2600.0,,0.0003846153846153846
CCCCAACCCTACATTTCTGCACAAAAGC,0.0,0.0,2432.0,44.0,60.0,0.0,2476.0,,0.017770597738287562
CCCCACATCTCCTTAATCCTTACACAATTTTCTCC,0.0,0.0,2141.0,5.0,17.0,0.0,2146.0,,0.002329916123019571
CCCCACCCTCTCTCTCTCAGGACT,0.0,0.0,1732.0,85.0,108.0,0.0,1817.0,,0.04678040726472207
CCCCAGGAAGCCCAGAAATGTCTACC,0.0,0.0,2006.0,22.0,37.0,0.0,2028.0,,0.010848126232741617
CCCCCATCCTTCTCATTCTGCTCAAAC,0.0,0.0,2586.0,22.0,35.0,0.0,2608.0,,0.00843558282208589
CCCCCTCCCACTATCTAAGGTAATTGTTCTCTC,0.0,0.0,2299.0,3.0,12.0,0.0,2302.0,,0.0013032145960034753
CCCCCTTTCCCCATGTTAAAGCACA,0.0,0.0,2952.0,24.0,33.0,0.0,2976.0,,0.008064516129032258
CCCCGAGGCGACGAAACCTAAG,0.0,0.0,2282.0,20.0,26.0,0.0,2302.0,,0.008688097306689836
CCCCTCAAGGTCTTTAACATCCAGTTCCTT,0.0,0.0,2275.0,5.0,11.0,0.0,2280.0,,0.0021929824561403508
CCCCTCCAAGGCAGACACCTACA,0.0,0.0,1879.0,191.0,166.0,0.0,2070.0,,0.09227053140096618
CCCCTGAGCTGTGTGTCCTTAGCG,0.0,0.0,2305.0,48.0,57.0,0.0,2353.0,,0.020399490012749683
CCCCTGTTCCGCTCTAACTCCTCT,0.0,0.0,2521.0,37.0,42.0,0.0,2558.0,,0.014464425332290852
CCCCTTCCATCACATTGCAACAGATGTT,0.0,0.0,2738.0,7.0,17.0,0.0,2745.0,,0.0025500910746812386
CCCGCAGACGATACTGGACGATCA,0.0,0.0,1843.0,18.0,20.0,0.0,1861.0,,0.00967221923696937
CCCGGCCAGGAGATTTCAACCAAG,0.0,0.0,1715.0,20.0,32.0,0.0,1735.0,,0.011527377521613832
CCCTCCCGTCTAGACTCAAGCATCAAAA,0.0,0.0,2350.0,4.0,12.0,0.0,2354.0,,0.0016992353440951572
CCCTCTGCTCCTTCTGAAGTATCTTTTGTGTTC,0.0,0.0,1787.0,11.0,15.0,0.0,1798.0,,0.006117908787541713
CCCTCTTCTAATAGCAATTTAAATTCGGCAGGAAAT,0.0,0.0,2572.0,6.0,17.0,0.0,2578.0,,0.0023273855702094647
CCCTGGATTCTCTCTTTAGGGAGCTTCTCTT,0.0,0.0,2208.0,19.0,23.0,0.0,2227.0,,0.008531656937584195
CCCTGGTCTTGTTACACATGCTTTAGAATAATTGTC,0.0,0.0,2052.0,3.0,10.0,0.0,2055.0,,0.00145985401459854
CCCTTAGGAGCGTCCAGGTATCACC,0.0,0.0,2174.0,56.0,66.0,0.0,2230.0,,0.025112107623318385
CCGCCTCCCCCTGGAATCTCA,0.0,0.0,2174.0,147.0,137.0,0.0,2321.0,,0.06333476949590694
CCGTCAGTCTGGATGGCATTCTTTCC,0.0,0.0,2444.0,81.0,72.0,0.0,2525.0,,0.03207920792079208
CCGTGCTCGCCCTGTACAACAG,0.0,0.0,1443.0,43.0,53.0,0.0,1486.0,,0.028936742934051143
CCTACCACCTCTTTCATTTTTGGAGCCTCTC,0.0,0.0,2866.0,115.0,119.0,0.0,2981.0,,0.03857765850385777
CCTATCTCTGATGATAACTAACCTTTTAAACTCATCAACTG,0.0,0.0,1240.0,0.0,10.0,0.0,1240.0,,0.0
CCTATGCTTTCTTCCTTATAACTGGTAACCCATAGC,0.0,0.0,2517.0,10.0,21.0,0.0,2527.0,,0.003957261574990107
CCTCACAGCTCGTTCATCGGGACTT,0.0,0.0,2034.0,11.0,12.0,0.0,2045.0,,0.0053789731051344745
CCTCACGGAGGCATTCTAAAGTCACTATCA,0.0,0.0,1684.0,3.0,10.0,0.0,1687.0,,0.0017783046828689982
CCTCAGTGCGCTTCTGGATTGACTG,0.0,0.0,2117.0,11.0,21.0,0.0,2128.0,,0.005169172932330827
CCTCATCCTGGCACACTCTCTTCACA,0.0,0.0,1105.0,150.0,82.0,0.0,1255.0,,0.11952191235059761
CCTCATGAAGTTCTTCACATACCTAGCCTTTCTTC,0.0,0.0,2152.0,7.0,12.0,0.0,2159.0,,0.003242241778601204
CCTCATTGTCCAGCAGTCGATGTGGATAG,0.0,0.0,2168.0,9.0,19.0,0.0,2177.0,,0.004134129536058797
CCTCCACCTCATTCCAGGCCTAAGATC,0.0,0.0,1670.0,36.0,53.0,0.0,1706.0,,0.021101992966002344
CCTCCCCTCGAAATGAAGCTACAACATCA,0.0,0.0,2184.0,7.0,18.0,0.0,2191.0,,0.003194888178913738
CCTCTACACATCCTTATGTACACTGGTCCAAAG,0.0,0.0,2276.0,12.0,23.0,0.0,2288.0,,0.005244755244755245
CCTCTCTGGTCACTAGTTCTAGTGGAGTAAACA,0.0,0.0,1713.0,2.0,14.0,0.0,1715.0,,0.0011661807580174927
CCTGAAAACAACGTTCTGGTAAGGACAAGG,0.0,0.0,620.0,638.0,42.0,0.0,1258.0,,0.5071542130365659
CCTGAAACTCCTTCAATTGCACCATGGTAG,0.0,0.0,2565.0,5.0,14.0,0.0,2570.0,,0.0019455252918287938
CCTGACCCAAGATGAAATAAAACGTCTCTCTTCC,0.0,0.0,2374.0,27.0,38.0,0.0,2401.0,,0.011245314452311536
CCTGAGGAAACAAACCGCCGTGTTAA,0.0,0.0,2625.0,1.0,11.0,0.0,2626.0,,0.0003808073115003808
CCTGCACAGTCCCATGTTGGATCTTGATA,0.0,0.0,1714.0,7.0,16.0,0.0,1721.0,,0.004067402672864613
CCTGCCCATCAGTCTCTCTGCTTAGAC,0.0,0.0,2223.0,19.0,26.0,0.0,2242.0,,0.00847457627118644
CCTGCCCGGTGAACTCTCCTATAATGC,0.0,0.0,2119.0,5.0,16.0,0.0,2124.0,,0.0023540489642184556
CCTGCTGTCAACTATGCCCCCTTG,0.0,0.0,2236.0,152.0,147.0,0.0,2388.0,,0.06365159128978225
CCTGGAAGTTCAGCAGAGAAAGCATCGAAA,0.0,0.0,2321.0,2.0,9.0,0.0,2323.0,,0.0008609556607834697
CCTGGAGCAGAAATGAGTACTAGGATGCT,0.0,0.0,2272.0,9.0,13.0,0.0,2281.0,,0.00394563787812363
CCTGGATGGTTTCTCTTCATGTGCTGATTGAA,0.0,0.0,1942.0,3.0,10.0,0.0,1945.0,,0.0015424164524421595
CCTGGCCAGAAATCTTGCCGTTTTTCC,0.0,0.0,2699.0,25.0,38.0,0.0,2724.0,,0.009177679882525698
CCTGGCTCTTCCCACTAAACTCATTCCTC,0.0,0.0,2578.0,15.0,21.0,0.0,2593.0,,0.005784805244890089
CCTGGTCATTGGCATTGATATATAAGTCTTCATCC,0.0,0.0,2737.0,2.0,12.0,0.0,2739.0,,0.0007301935012778386
CCTGGTCTTCCATCCCTGATAATCTCTGGTTT,0.0,0.0,2669.0,7.0,21.0,0.0,2676.0,,0.002615844544095665
CCTGGTTTAAGGCCCTGTATGCTTGAATT,0.0,0.0,2570.0,3.0,14.0,0.0,2573.0,,0.001165954139137194
CCTGTTTTCTGTATCTCTGAACTCTTGTCCCATC,0.0,0.0,2579.0,168.0,52.0,0.0,2747.0,,0.06115762650163815
CCTTACCTGGGACACATCAATCACAACC,0.0,0.0,2071.0,11.0,20.0,0.0,2082.0,,0.005283381364073006
CCTTCCTAACAGTTTACCAAAGTTGAATCATATATAAGCTT,0.0,0.0,1777.0,4.0,9.0,0.0,1781.0,,0.0022459292532285235
CCTTCGCTGATTTCTCACACTGATATGCTTCTC,0.0,0.0,2256.0,1.0,9.0,0.0,2257.0,,0.00044306601683650863
CCTTGGATTTCTTGAGTAGACTGCCTTTACCT,0.0,0.0,2644.0,28.0,32.0,0.0,2672.0,,0.010479041916167664
CCTTTCCACAGCTACTTTGCCCTACATCAAG,0.0,0.0,2824.0,7.0,18.0,0.0,2831.0,,0.002472624514305899
CCTTTGCAGAAGCTCTACGCGTTCATTAAGA,0.0,0.0,2384.0,0.0,14.0,0.0,2384.0,,0.0
CCTTTGCAGGACTAATGGCTGAAGGATAAATCA,0.0,0.0,2458.0,5.0,22.0,0.0,2463.0,,0.0020300446609825416
CCTTTGGAAAACCTGCAGATCATCAGAGGAAAT,0.0,0.0,1703.0,9.0,23.0,0.0,1712.0,,0.005257009345794392
CCTTTTTTAAACCAAGTAATTTTATCTTGACAGGATGCAAA,0.0,0.0,2981.0,14.0,23.0,0.0,2995.0,,0.004674457429048414
CCTTTTTTCTTTTCATAAAACAAAACCATCCCCCATAAAC,0.0,0.0,3268.0,1.0,15.0,0.0,3269.0,,0.0003059039461609055
CGAACTAACAGAATTAAGTTTGACTACACCCCTCT,0.0,0.0,2828.0,39.0,34.0,0.0,2867.0,,0.013603069410533658
CGATTTTCTCTCATACAAAGATCTGAATCTCTAACTTTCTT,0.0,0.0,1949.0,1.0,10.0,0.0,1950.0,,0.0005128205128205128
CGCACCTTCATCTCGGCCAGATACTG,0.0,0.0,2610.0,65.0,47.0,0.0,2675.0,,0.024299065420560748
CGCATGCGAGTTAATATTACAGTTAACATGATACAGC,0.0,0.0,3043.0,4.0,12.0,0.0,3047.0,,0.0013127666557269445
CGCATTCACTTAGTTGAGCTATTACTTTATTAAGTTCAGTT,0.0,0.0,1686.0,2.0,10.0,0.0,1688.0,,0.001184834123222749
CGCCAACCCGAGAGCTCTTTCC,0.0,0.0,2812.0,677.0,168.0,0.0,3489.0,,0.1940384064201777
CGCCCCACTGAGTTTGCCTTCTATC,0.0,0.0,2175.0,5.0,13.0,0.0,2180.0,,0.0022935779816513763
CGCCCCTCATACCCCTGCAGTAC,0.0,0.0,2290.0,101.0,104.0,0.0,2391.0,,0.04224173985780008
CGCCCCTGTACCTGGAGATCATCATCTA,0.0,0.0,1702.0,8.0,17.0,0.0,1710.0,,0.004678362573099415
CGCTCACACATTCTGCCTCCTAAACATT,0.0,0.0,2062.0,8.0,20.0,0.0,2070.0,,0.003864734299516908
CGCTCCTACCTCCCCTCACCTACT,0.0,0.0,1937.0,203.0,244.0,0.0,2140.0,,0.09485981308411215
CGGACCGAGGTTGGCTCGATG,0.0,0.0,2535.0,197.0,134.0,0.0,2732.0,,0.07210834553440702
CGGCCGGCAGAACTCACCTTTG,0.0,0.0,1672.0,163.0,102.0,0.0,1835.0,,0.0888283378746594
CGGGAAGCTTGTTTTGACCCAGGAAA,0.0,0.0,1792.0,11.0,13.0,0.0,1803.0,,0.006100942872989462
CGGGAGACATCTGCACTTGATTTGTGT,0.0,0.0,2536.0,28.0,32.0,0.0,2564.0,,0.0109204368174727
CGGTCCTGTGCCTTCTCCTTCCG,0.0,0.0,2711.0,660.0,434.0,0.0,3371.0,,0.19578760011865914
CGTAGAAGAGAACTTCATATTCGAACATATGCAGTTATTCC,0.0,0.0,2096.0,0.0,9.0,0.0,2096.0,,0.0
CGTGCAGCAGTTATTTTCCACACTACCT,0.0,0.0,1140.0,25.0,39.0,0.0,1165.0,,0.02145922746781116
CGTGCCCACTCTTACCCATCAAAGC,0.0,0.0,1933.0,9.0,22.0,0.0,1942.0,,0.004634397528321318
CGTTTGCATCACTAACACTACTATCAGGGTAATCG,0.0,0.0,2849.0,0.0,10.0,0.0,2849.0,,0.0
CTAAACACTCACCTTCCTATTTTCCAGAGCTCAAA,0.0,0.0,2908.0,12.0,25.0,0.0,2920.0,,0.00410958904109589
CTAACACACAGGTAATGAAATCTCCTTGAGTAAAGC,0.0,0.0,2581.0,0.0,10.0,0.0,2581.0,,0.0
CTACAGAATGCAGGATGTTTGAAAGAGGTCATC,0.0,0.0,2648.0,13.0,21.0,0.0,2661.0,,0.004885381435550545
CTACGCTGTGTCCCGCAATGTTTTAATTATAGG,0.0,0.0,2374.0,0.0,10.0,0.0,2374.0,,0.0
CTACGGGTTGGGTCTTAGAATGGGATTCC,0.0,0.0,2478.0,13.0,20.0,0.0,2491.0,,0.005218787635487756
CTAGATACAAGCCCGTATTTAGACTGCTACAGTCA,0.0,0.0,2368.0,8.0,17.0,0.0,2376.0,,0.003367003367003367
CTAGCAGTTGTGATTCTTTCTTTCTACTTGTGTGAT,0.0,0.0,1927.0,2.0,16.0,0.0,1929.0,,0.0010368066355624676
CTATTCCCTGGAAGTTGTGCTTTTCAAAATGTTCTG,0.0,0.0,1635.0,3.0,9.0,0.0,1638.0,,0.0018315018315018315
CTATTGCAAAGCAGCCAATAAATCGAGGTCAG,0.0,0.0,2984.0,80.0,86.0,0.0,3064.0,,0.02610966057441253
CTCAACCAGAGCATGTGCAAGAGATTCAATG,0.0,0.0,2403.0,9.0,22.0,0.0,2412.0,,0.0037313432835820895
CTCAAGGTTCCTATTGTTTCTCCCCAGATTGG,0.0,0.0,2529.0,29.0,38.0,0.0,2558.0,,0.011336982017200938
CTCACATCTCCTCGCTGCAGTTGTCT,0.0,0.0,2738.0,99.0,118.0,0.0,2837.0,,0.03489601691928093
CTCAGAGAGCCCATCAATAATTTCAGAAATCTCATG,0.0,0.0,1754.0,2.0,9.0,0.0,1756.0,,0.0011389521640091116
CTCAGATAAGGAACAGAGAAGTGCACAAATTCAAG,0.0,0.0,2291.0,0.0,9.0,0.0,2291.0,,0.0
CTCAGATACAAACACAGCTATTAAAAAGTCATTCCTCCT,0.0,0.0,3043.0,15.0,24.0,0.0,3058.0,,0.004905166775670372
CTCAGCTATGACTCATGGATTTTCACAATTGGATG,0.0,0.0,2092.0,3.0,10.0,0.0,2095.0,,0.001431980906921241
CTCATTTGCTGAGTAAATATGGAGCCTTCAAAGAAT,0.0,0.0,2517.0,5.0,17.0,0.0,2522.0,,0.0019825535289452814
CTCCAACACTGCCATTCCAAGGACTTTC,0.0,0.0,2328.0,9.0,17.0,0.0,2337.0,,0.0038510911424903724
CTCCAGGAGGGACAAAGCCATCATATACAAT,0.0,0.0,2238.0,0.0,8.0,0.0,2238.0,,0.0
CTCCAGTAAAGCCGGTCAGAGAGTCC,0.0,0.0,2429.0,113.0,125.0,0.0,2542.0,,0.04445318646734855
CTCCATGCTTAGAGTTGGAGTTTGACTGGTT,0.0,0.0,2553.0,23.0,35.0,0.0,2576.0,,0.008928571428571428
CTCCCCACCAAAATGAGAAAACTGTGTTTCTC,0.0,0.0,2135.0,4.0,12.0,0.0,2139.0,,0.0018700327255726976
CTCCCCACCTTGAATGAAGAAGAGGAGTG,0.0,0.0,2576.0,23.0,36.0,0.0,2599.0,,0.008849557522123894
CTCCGCGTCGTCCTTGATGATCCA,0.0,0.0,1725.0,26.0,34.0,0.0,1751.0,,0.014848657909765849
CTCCTCTGAGGCAACCACTTTTTGGAAAC,0.0,0.0,2058.0,5.0,13.0,0.0,2063.0,,0.0024236548715462916
CTCGGTGTTCATTTCTCTCCACTTCAGACAT,0.0,0.0,2740.0,23.0,41.0,0.0,2763.0,,0.008324285197249367
CTCGTCGGTGTGGAAGAAGTAACTCCATAG,0.0,0.0,2277.0,0.0,9.0,0.0,2277.0,,0.0
CTCTATTGGGTTTTCATACAGCTAGCGGGAAA,0.0,0.0,2792.0,23.0,36.0,0.0,2815.0,,0.008170515097690942
CTCTCCAGGAAAGTTCGGAACAGGTAAGC,0.0,0.0,2284.0,5.0,13.0,0.0,2289.0,,0.00218435998252512
CTCTCCCTGAGTCAACCTCTAGAGGAATG,0.0,0.0,2006.0,0.0,11.0,0.0,2006.0,,0.0
CTCTCCTTTGAACATAGTGTTTATTTCCCCCTCC,0.0,0.0,2974.0,1229.0,146.0,0.0,4203.0,,0.2924101832024744
CTCTCGAAGCTCTTCCCCGTATCTTCTTA,0.0,0.0,2830.0,3.0,12.0,0.0,2833.0,,0.0010589481115425344
CTCTGAGCACTGATCGATGTTCTTTTTAATCCTGTA,0.0,0.0,2036.0,7.0,11.0,0.0,2043.0,,0.0034263338228095936
CTCTGCCAGGATTAAAGGAGAAAACCACAAC,0.0,0.0,2562.0,8.0,16.0,0.0,2570.0,,0.0031128404669260703
CTCTGGGAGATAAAATATCTGTTAGCCGTATGACAT,0.0,0.0,284.0,1.0,7.0,0.0,285.0,,0.0035087719298245615
CTGAAAAGTGAAATTAAATGACTTACCTTCTGGCTCTAA,0.0,0.0,2426.0,15.0,26.0,0.0,2441.0,,0.0061450225317492835
CTGAAATCCAGGCTGAAAGTTTTGACAGAAGTTTC,0.0,0.0,1903.0,1.0,8.0,0.0,1904.0,,0.0005252100840336134
CTGAAGATGCAGGAGCTGGTGAAAATAGG,0.0,0.0,2539.0,54.0,39.0,0.0,2593.0,,0.02082529888160432
CTGAAGGACTCTCTCCGTGGTGTTAAACTTT,0.0,0.0,1670.0,9.0,22.0,0.0,1679.0,,0.005360333531864205
CTGAAGGCAGCAAATCTGTACTCAGATGAT,0.0,0.0,2037.0,8.0,17.0,0.0,2045.0,,0.003911980440097799
CTGAGAATAGCAAAACCAAATGTATCAGCCTCAAC,0.0,0.0,2881.0,148.0,154.0,0.0,3029.0,,0.048861010234400794
CTGAGCTCACTCCTGGAATACACGTTCC,0.0,0.0,2261.0,6.0,14.0,0.0,2267.0,,0.002646669607410675
CTGAGGACTCTGGAGTATGACAAACACAAGG,0.0,0.0,2327.0,18.0,27.0,0.0,2345.0,,0.00767590618336887
CTGATGCATGGCTAATGACATCCAAAACAGAG,0.0,0.0,2506.0,20.0,26.0,0.0,2526.0,,0.00791765637371338
CTGATTGCGTAACTGCATCCAAGATAACAGTG,0.0,0.0,2425.0,4.0,14.0,0.0,2429.0,,0.0016467682173734047
CTGCAGTCTACGTTGCAACAAATTCTGTAG,0.0,0.0,2157.0,2.0,10.0,0.0,2159.0,,0.0009263547938860583
CTGCATCACTTACCACTTTAGAAGGCAGTTTCT,0.0,0.0,2302.0,22.0,31.0,0.0,2324.0,,0.00946643717728055
CTGCCCAAAAGACAACCCAAAGTATCTTCAA,0.0,0.0,2326.0,2.0,10.0,0.0,2328.0,,0.000859106529209622
CTGCCCCCAGCCTATATCCTTGACTTT,0.0,0.0,2497.0,12.0,23.0,0.0,2509.0,,0.004782781984854523
CTGCCGTCTACCCTGTCTCTCTACAAGTC,0.0,0.0,1767.0,1.0,10.0,0.0,1768.0,,0.0005656108597285068
CTGCCTTCATCATCCTCTAGAAATACAGCAACAATT,0.0,0.0,2319.0,2.0,14.0,0.0,2321.0,,0.0008616975441619991
CTGCTCACACCATGCGTTTAGTGAATTCTT,0.0,0.0,2307.0,2.0,11.0,0.0,2309.0,,0.0008661758336942399
CTGCTCACCTGAGATTTCGTTTGCATTCTTG,0.0,0.0,2649.0,11.0,26.0,0.0,2660.0,,0.004135338345864661
CTGCTGAGGTGGCTATGGTTGATGTG,0.0,0.0,2067.0,79.0,70.0,0.0,2146.0,,0.03681267474370923
CTGCTGCCATTCACCCTCAATTTTACCAT,0.0,0.0,1642.0,33.0,40.0,0.0,1675.0,,0.019701492537313434
CTGCTTGTTCACACACTCAGCTGATTTACC,0.0,0.0,1887.0,6.0,17.0,0.0,1893.0,,0.003169572107765452
CTGCTTTAAAATGCTAAACTTGTTCCATTCCATCTTA,0.0,0.0,1704.0,0.0,8.0,0.0,1704.0,,0.0
CTGGAATGCCCACTGGTGCTACTACTAAG,0.0,0.0,1731.0,98.0,39.0,0.0,1829.0,,0.05358119190814653
CTGGATTAAACAAAAATGAAACAACCAAGCATAATTTTTGG,0.0,0.0,2252.0,3.0,9.0,0.0,2255.0,,0.0013303769401330377
CTGGGCCCCATAAAGGAAAGTATCTCCAT,0.0,0.0,2805.0,4.0,13.0,0.0,2809.0,,0.001423994304022784
CTGGGCTTAGGCATCTATTAGCAAATTCCTTAGG,0.0,0.0,1856.0,2.0,9.0,0.0,1858.0,,0.001076426264800861
CTGGGTTAAAAACAGAATTGAAAATCTGAAATGCCTTTAC,0.0,0.0,1842.0,5.0,18.0,0.0,1847.0,,0.0027070925825663237
CTGGTGGCAGAGAATCCTGTCTTTCCTAG,0.0,0.0,2618.0,18.0,31.0,0.0,2636.0,,0.006828528072837633
CTGTACATACAATGAGCCGGAGTCTTTGATCTAC,0.0,0.0,2502.0,0.0,8.0,0.0,2502.0,,0.0
CTGTGACTTCAGCTACGTCTCTGAATAGATGG,0.0,0.0,1318.0,1.0,8.0,0.0,1319.0,,0.000758150113722517
CTGTGAGCAAACAGTATGTATTTCCAGTCCACTT,0.0,0.0,2528.0,12.0,24.0,0.0,2540.0,,0.004724409448818898
CTGTGAGTGTGAAAATCCTTGAGATGCAGTTG,0.0,0.0,2130.0,169.0,51.0,0.0,2299.0,,0.07351022183558069
CTGTGTGAACCTCATCAACCATCTCATGATTATCTT,0.0,0.0,1757.0,1.0,10.0,0.0,1758.0,,0.0005688282138794084
CTGTTAAGCAACACATCCCCTTGCGTAATCT,0.0,0.0,2041.0,0.0,11.0,0.0,2041.0,,0.0
CTGTTCACGTGGCTCTCGTCCAGTAT,0.0,0.0,2178.0,25.0,39.0,0.0,2203.0,,0.011348161597821153
CTGTTTAGGTCCTTCTATATGATCCACTCTTTGACT,0.0,0.0,2359.0,2.0,8.0,0.0,2361.0,,0.0008470986869970351
CTTAAAGAGTAGTGCTTCTTACTGTTGTGTGGTACA,0.0,0.0,2655.0,12.0,27.0,0.0,2667.0,,0.0044994375703037125
CTTACACAACTCCTTGGCGTTGTCAGAAAT,0.0,0.0,1535.0,10.0,22.0,0.0,1545.0,,0.006472491909385114
CTTACCAAGCAAGAGAGTCTGTCTAGCAATGAAC,0.0,0.0,2599.0,11.0,24.0,0.0,2610.0,,0.00421455938697318
CTTACCAGTCCTGCGTGGGAATAGCTAA,0.0,0.0,2627.0,2.0,16.0,0.0,2629.0,,0.0007607455306200076
CTTACCTGGTCCTCGTCATTTAGCAGTTTTGT,0.0,0.0,1767.0,7.0,14.0,0.0,1774.0,,0.003945885005636978
CTTCAATGTACACATCTGCTAAAGGCTTTGGTTC,0.0,0.0,2251.0,16.0,25.0,0.0,2267.0,,0.0070577856197618
CTTCACCCTTAGCTACCTATTTTAGCACTTCTGTG,0.0,0.0,2361.0,15.0,21.0,0.0,2376.0,,0.006313131313131313
CTTCATTACCTTTTCCCCTGGATTGCTACTATAGAA,0.0,0.0,2219.0,2.0,11.0,0.0,2221.0,,0.0009004952723998199
CTTCCTCTCGCCCATCACAGGAGTAC,0.0,0.0,2349.0,51.0,60.0,0.0,2400.0,,0.02125
CTTCCTCTCTTTTAAACAGATGTCACAAGGTAAGAC,0.0,0.0,2172.0,3.0,14.0,0.0,2175.0,,0.001379310344827586
CTTCTCATTGGTGTCATCAAAAGAGGAAGCG,0.0,0.0,2720.0,13.0,22.0,0.0,2733.0,,0.004756677643615075
CTTCTCCCTGGCTGTAAAAATTGCTAAGTACAGTAA,0.0,0.0,2103.0,0.0,7.0,0.0,2103.0,,0.0
CTTCTGCAGGAACTTGAAACTGGTATTGTTGAC,0.0,0.0,2550.0,7.0,16.0,0.0,2557.0,,0.002737583105201408
CTTCTTGCCTATTTTGTTGACACCCTGACTC,0.0,0.0,2492.0,88.0,84.0,0.0,2580.0,,0.034108527131782945
CTTGAATGTTTTCATCACTGGAACCTATTTCATTAATACTG,0.0,0.0,1858.0,3.0,12.0,0.0,1861.0,,0.0016120365394948952
CTTGCGCTTCTCTGGATCAGCTGTATG,0.0,0.0,1678.0,18.0,27.0,0.0,1696.0,,0.01061320754716981
CTTGTCCATCAGAGGTATGGCTATGAATCAGT,0.0,0.0,2207.0,9.0,17.0,0.0,2216.0,,0.004061371841155234
CTTGTGTGTAACATGTCTGTGGTCGTTACC,0.0,0.0,1989.0,95.0,35.0,0.0,2084.0,,0.04558541266794626
CTTTAGATATGCGAACAGGCCTAACATCTGATGAC,0.0,0.0,2918.0,9.0,20.0,0.0,2927.0,,0.0030748206354629312
CTTTCAAAAGAGTCTATGCAGGAATTCCAAGAATGG,0.0,0.0,2554.0,1.0,6.0,0.0,2555.0,,0.0003913894324853229
CTTTCCTTCACTTAAAGGCCAATTAGAATCTTCTTGA,0.0,0.0,1867.0,2.0,7.0,0.0,1869.0,,0.001070090957731407
CTTTCTGCTCTTCCTGTCCTCTAATAAAGCATCC,0.0,0.0,2257.0,9.0,18.0,0.0,2266.0,,0.003971756398940865
CTTTGAGAGTTCTTCCCCAGTGACATTACTTACTT,0.0,0.0,2397.0,0.0,13.0,0.0,2397.0,,0.0
CTTTGGAAAGAGCATTTGTGATACACCATGGTA,0.0,0.0,2668.0,7.0,14.0,0.0,2675.0,,0.002616822429906542
GAAAACCAGCGGAACCTCCTTCAGATG,0.0,0.0,3079.0,75.0,42.0,0.0,3154.0,,0.023779327837666456
GAAACACGAAGATCCCTGAGCTGCATATTTT,0.0,0.0,2616.0,6.0,13.0,0.0,2622.0,,0.002288329519450801
GAAACAGACTTGACTTGTGTAAACGAACCCATT,0.0,0.0,2740.0,4.0,15.0,0.0,2744.0,,0.0014577259475218659
GAAAGATATACAGAGACCAGATTCAGAACATGGTCTATC,0.0,0.0,2093.0,2.0,8.0,0.0,2095.0,,0.0009546539379474941
GAAAGCATTGAATTCTGGTCCGGGCTG,0.0,0.0,2670.0,1786.0,1243.0,0.0,4456.0,,0.4008078994614004
GAAAGGAGCTGCCCGAGTACTACGA,0.0,0.0,2607.0,104.0,32.0,0.0,2711.0,,0.0383622279601623
GAACCAAAGACATTGAATGAATATACCTCAAGCCTC,0.0,0.0,2146.0,80.0,80.0,0.0,2226.0,,0.03593890386343217
GAACGAGAACTATCTAAGCTTCCTCTTGATGAAGAG,0.0,0.0,2131.0,1.0,13.0,0.0,2132.0,,0.00046904315196998124
GAAGAAGAAGATGAAGATGAGGAGTATGAATACATGAACC,0.0,0.0,1648.0,5.0,14.0,0.0,1653.0,,0.0030248033877797943
GAAGACAGCTGGTGAAAAATCCCTGAACAT,0.0,0.0,2493.0,8.0,20.0,0.0,2501.0,,0.003198720511795282
GAAGACATACTTTCCGCTTGATTTGCCTTAACAA,0.0,0.0,2171.0,0.0,9.0,0.0,2171.0,,0.0
GAAGAGCTCCCCAAATTTGTTCTTTAAATGGCTAC,0.0,0.0,2218.0,5.0,11.0,0.0,2223.0,,0.002249212775528565
GAAGCCCAATTCTTGAGGATGAGCAAAGTTC,0.0,0.0,1898.0,14.0,22.0,0.0,1912.0,,0.007322175732217573
GAAGCCTGTTCTTTTCCCAAAACATGAATGTTCTC,0.0,0.0,1960.0,0.0,7.0,0.0,1960.0,,0.0
GAAGTGAGCTTCCATCTCTGATCCATCGT,0.0,0.0,2421.0,5.0,12.0,0.0,2426.0,,0.002061005770816158
GAATATCACAGATCCGTCACAGGCAAAATCC,0.0,0.0,2116.0,52.0,64.0,0.0,2168.0,,0.023985239852398525
GAATGCAAGAAGCCCAGACGGAAACC,0.0,0.0,2848.0,104.0,108.0,0.0,2952.0,,0.03523035230352303
GAATGTATGCTCTGACACTTAACTGACAGCTAGAAA,0.0,0.0,2737.0,5.0,11.0,0.0,2742.0,,0.0018234865061998542
GAATTTGCACCTTCCTGAATAGCTTTCCAATCAA,0.0,0.0,2045.0,4.0,14.0,0.0,2049.0,,0.0019521717911176184
GACAAGTCGATCTGTGGATGAGGCTTATTCAT,0.0,0.0,1732.0,4.0,12.0,0.0,1736.0,,0.002304147465437788
GACATTTGGCATTGACTTTCCAATGTGGTCTTT,0.0,0.0,2179.0,5.0,16.0,0.0,2184.0,,0.0022893772893772895
GACCAAGTCCTTACGTAGAGGTCACAGT,0.0,0.0,3099.0,56.0,66.0,0.0,3155.0,,0.01774960380348653
GACCCCGATGGCCTAATGTCTGAATTATCA,0.0,0.0,2652.0,9.0,15.0,0.0,2661.0,,0.0033821871476888386
GACCTCACCTTCTCCTGTTTCCTCTACATTAGT,0.0,0.0,1253.0,0.0,11.0,0.0,1253.0,,0.0
GACGTGGTGCTATGAACATAAGTTTAATACAGATATTTGAT,0.0,0.0,2202.0,1.0,12.0,0.0,2203.0,,0.00045392646391284613
GACGTGTTAATAAAAGGTGATCAGCCTTTTATTGGTA,0.0,0.0,2291.0,2.0,10.0,0.0,2293.0,,0.0008722197993894462
GACTCCGGCCTCTATGCTTGCGTAAC,0.0,0.0,2031.0,4.0,15.0,0.0,2035.0,,0.0019656019656019656
GACTGGACATGGAAGATCCCTCATGTGAGAT,0.0,0.0,2253.0,3.0,11.0,0.0,2256.0,,0.0013297872340425532
GACTTACCATGACTTGCAGCTTCTCTTTGATTTG,0.0,0.0,2257.0,5.0,12.0,0.0,2262.0,,0.0022104332449160036
GAGAAATTCTCCTTGGAAGACTCCAGAAACAAC,0.0,0.0,1485.0,18.0,27.0,0.0,1503.0,,0.011976047904191617
GAGACATGTGGAGTGACGCTTACCTTGATA,0.0,0.0,1636.0,0.0,5.0,0.0,1636.0,,0.0
GAGAGAGGCTCCAGGAGTACGTAGTAATTC,0.0,0.0,2587.0,2.0,9.0,0.0,2589.0,,0.000772499034376207
GAGAGGATAGGACAAAACAAAGAGAAAGTAGTAAGAAACAG,0.0,0.0,2138.0,5.0,14.0,0.0,2143.0,,0.0023331777881474567
GAGAGTTTGTTCCAGAAATATCACAGTAGGCGTAG,0.0,0.0,2938.0,6.0,11.0,0.0,2944.0,,0.0020380434782608695
GAGATAACTCACGAGATCATTGGCTTTCTTGAC,0.0,0.0,1784.0,20.0,29.0,0.0,1804.0,,0.011086474501108648
GAGATTTGTTTCTGGGTTATAATTCTTCCTCTGGGT,0.0,0.0,2500.0,14.0,19.0,0.0,2514.0,,0.005568814638027049
GAGGACTACAGCCCATATCAAGCTATACCTTCTA,0.0,0.0,2444.0,1.0,13.0,0.0,2445.0,,0.00040899795501022495
GAGGACTCCTTATGTCCAAATTTAATTGATAATGGAAGCT,0.0,0.0,2083.0,7.0,19.0,0.0,2090.0,,0.0033492822966507177
GAGGAGCTGGTATCCGAGTCTTGTGAG,0.0,0.0,2017.0,13.0,25.0,0.0,2030.0,,0.0064039408866995075
GAGGCATCACTCCGAAATGCCAGAAAC,0.0,0.0,1069.0,14.0,19.0,0.0,1083.0,,0.012927054478301015
GAGGCGTTCTGAGAAATGTATAACCAAGTCAGTAA,0.0,0.0,2419.0,2.0,12.0,0.0,2421.0,,0.0008261049153242462
GAGGTGAAGTCCATTGCTAATCAGATTCAAGAGG,0.0,0.0,2698.0,1.0,12.0,0.0,2699.0,,0.0003705075954057058
GAGTAAGTTTGACATTGCAAGGACCGTACAG,0.0,0.0,2630.0,12.0,17.0,0.0,2642.0,,0.004542013626040878
GAGTCTTGCACTCCAATCAGGTGGTAG,0.0,0.0,1955.0,17.0,24.0,0.0,1972.0,,0.008620689655172414
GAGTTGTTGAATGAGTCTACTCTAGTTCCAAGCTAA,0.0,0.0,2474.0,7.0,20.0,0.0,2481.0,,0.0028214429665457475
GAGTTTCCTTTCTTGCATCTTAAAATTCATCTAACACATCT,0.0,0.0,2337.0,3.0,14.0,0.0,2340.0,,0.001282051282051282
GATAAGGTCTGGTTTAATGCTGTTCATACGTTTGTC,0.0,0.0,2443.0,3.0,10.0,0.0,2446.0,,0.0012264922322158627
GATAATGCCTAATCAAGTCATGAACGGTTCAATTGG,0.0,0.0,2314.0,4.0,13.0,0.0,2318.0,,0.001725625539257981
GATCAACTCCAGTTCTCTCAAGTTTACTTGCTAA,0.0,0.0,1925.0,2.0,11.0,0.0,1927.0,,0.0010378827192527244
GATGAGATCTTCCATGCTCTGCAATAGGTGAG,0.0,0.0,2465.0,16.0,24.0,0.0,2481.0,,0.006449012494961709
GATGAGTGACCCAGGAAGCCATTGTATCTG,0.0,0.0,2295.0,19.0,37.0,0.0,2314.0,,0.008210890233362144
GATGTATCCTCAGGACCTTTGCTAAAGAGAGTG,0.0,0.0,2270.0,8.0,17.0,0.0,2278.0,,0.003511852502194908
GATGTTTACACTCATCAACCATGCTCCAAATACC,0.0,0.0,2374.0,7.0,16.0,0.0,2381.0,,0.0029399412011759767
GATTAGCCAACTTCTTTTCAATAGTTTTGGTCCAGTA,0.0,0.0,2750.0,3.0,11.0,0.0,2753.0,,0.0010897203051216855
GATTATGAAACCTTTGCCAAGAGTTTAGAAGCTTTG,0.0,0.0,2456.0,2.0,12.0,0.0,2458.0,,0.0008136696501220504
GATTCCACCATCTGTGCTCTTGTCAAATCTCT,0.0,0.0,2252.0,13.0,21.0,0.0,2265.0,,0.005739514348785872
GATTCTTTCCAGACTCTAGAAGGAAAAGACTCCAAC,0.0,0.0,2105.0,20.0,34.0,0.0,2125.0,,0.009411764705882352
GCAAAAATGCAGAGTCTTTTCAGTTTCACACTGA,0.0,0.0,2488.0,5.0,15.0,0.0,2493.0,,0.0020056157240272766
GCAAACAGGGAGGCTTATGACATCTAATGTGTTT,0.0,0.0,2452.0,3.0,15.0,0.0,2455.0,,0.0012219959266802445
GCAAATGGTACTTTTCTTCCTTATCTGAACATACCATTT,0.0,0.0,2101.0,0.0,9.0,0.0,2101.0,,0.0
GCAAGCAAAACGTCAAGCTTGGAGACTTT,0.0,0.0,1764.0,134.0,26.0,0.0,1898.0,,0.07060063224446786
GCAAGGCCGAAGTCAGCGAGTTTT,0.0,0.0,2743.0,6.0,14.0,0.0,2749.0,,0.0021826118588577663
GCAAGTGAGTGGTACAAGAGTGCAGACT,0.0,0.0,16482.0,815.0,84.0,0.0,17297.0,,0.04711799734057929
GCAAGTTTTTCAGGTCATATGACTGATCCAAACTTT,0.0,0.0,2057.0,2.0,7.0,0.0,2059.0,,0.0009713453132588635
GCAATGGCACTGGTAAAGCATTCAGTATTGC,0.0,0.0,3070.0,3.0,14.0,0.0,3073.0,,0.0009762447120078099
GCACACACGTCACAACTGGGCATG,0.0,0.0,2701.0,647.0,460.0,0.0,3348.0,,0.19324970131421745
GCACTGCATCGTCCTCGCATATCCAA,0.0,0.0,2731.0,4.0,19.0,0.0,2735.0,,0.0014625228519195613
GCACTTACCTGAGGATAGAAGCAGTTTCCAAC,0.0,0.0,1714.0,22.0,27.0,0.0,1736.0,,0.012672811059907835
GCACTTGCATTTTTGGTTGGCACTCTTACTTAC,0.0,0.0,1815.0,10.0,22.0,0.0,1825.0,,0.005479452054794521
GCAGAAATCAAAGAACAATCTGCAGAAGAGGATG,0.0,0.0,2163.0,25.0,36.0,0.0,2188.0,,0.011425959780621572
GCAGAAATGGAAATCATTGGTCAGTTTAACCTGG,0.0,0.0,1136.0,12.0,18.0,0.0,1148.0,,0.010452961672473868
GCAGAAGGCACATTTGTAGCGCTCTT,0.0,0.0,2818.0,9.0,21.0,0.0,2827.0,,0.0031835868411743897
GCAGACGGAATCGGGAAAGAGAGTATCTG,0.0,0.0,2346.0,4.0,14.0,0.0,2350.0,,0.001702127659574468
GCAGATAAAGGTGATGATGAGAAGAATACAGACAAC,0.0,0.0,2445.0,10.0,17.0,0.0,2455.0,,0.004073319755600814
GCAGATACATGGCCCCTGAAGTACTTGATG,0.0,0.0,2845.0,18.0,27.0,0.0,2863.0,,0.0062871114215857496
GCAGCACCGACACGTTGAAGTGG,0.0,0.0,2163.0,70.0,63.0,0.0,2233.0,,0.03134796238244514
GCAGCATGCTAATGAACTTAAATTACCTGTGAAG,0.0,0.0,2640.0,1.0,8.0,0.0,2641.0,,0.0003786444528587656
GCAGGACGAGAAAGAGTGCCTCAAGTAC,0.0,0.0,1773.0,14.0,24.0,0.0,1787.0,,0.00783435926133184
GCAGGAGCCTCCAGCCTTCTAAGTAGTAA,0.0,0.0,2057.0,7.0,13.0,0.0,2064.0,,0.003391472868217054
GCAGGCTCTGAATTCTCCAAGGTCTGG,0.0,0.0,2108.0,73.0,89.0,0.0,2181.0,,0.033470884915176524
GCAGGTTATTGCGAGTGTTTTGAGGAATTTGT,0.0,0.0,2062.0,3.0,11.0,0.0,2065.0,,0.0014527845036319612
GCAGTCCTTCCCTCAGCAATCTCAAAAC,0.0,0.0,2423.0,13.0,26.0,0.0,2436.0,,0.005336617405582923
GCAGTCTGCACAAGTCCAAGAACGC,0.0,0.0,2776.0,120.0,72.0,0.0,2896.0,,0.04143646408839779
GCATAATTTGTTGGACTCTAAGATCAACACCCTGTT,0.0,0.0,2974.0,25.0,15.0,0.0,2999.0,,0.008336112037345782
GCATACAGAGTTTCATCATGTCTGAGTTAAGTGAAG,0.0,0.0,2866.0,1.0,7.0,0.0,2867.0,,0.0003487966515521451
GCATCCTCTATCTGGGAATGCTGTATCCAAG,0.0,0.0,2323.0,11.0,18.0,0.0,2334.0,,0.004712939160239932
GCATGAGTAACAAGAGAGAATGGAGGGAATCG,0.0,0.0,2004.0,2.0,15.0,0.0,2006.0,,0.0009970089730807576
GCATGGATGATGTAGGAGGTACTGACTCTCTG,0.0,0.0,2225.0,62.0,61.0,0.0,2287.0,,0.02710975076519458
GCATGTTACAGAAATCTTTCAGTGTTTCCTCTCAG,0.0,0.0,1738.0,21.0,24.0,0.0,1759.0,,0.011938601478112564
GCCAACAATTGCTTGACTGTTCTTTACCATACTG,0.0,0.0,2573.0,1.0,8.0,0.0,2574.0,,0.0003885003885003885
GCCACATGGGAGACTGCTATTAGCTACT,0.0,0.0,2520.0,6.0,19.0,0.0,2526.0,,0.0023752969121140144
GCCACTTGATTTCTTTTCCTTTCTCTCTCTACCAATA,0.0,0.0,5150.0,908.0,33.0,0.0,6058.0,,0.14988445031363487
GCCACTTTCAATTACAGATACAGTTATGCCAACA,0.0,0.0,2916.0,7.0,17.0,0.0,2923.0,,0.0023947998631542937
GCCAGAGACCACAACCTCATTTATCACCTAT,0.0,0.0,1938.0,6.0,23.0,0.0,1944.0,,0.0030864197530864196
GCCAGCTCAGTGATGCCGTCCA,0.0,0.0,2352.0,1290.0,412.0,0.0,3642.0,,0.3542009884678748
GCCAGTAACCTTTAAAAAGCCATTAATTACCACAAATCC,0.0,0.0,2393.0,6.0,19.0,0.0,2399.0,,0.0025010421008753647
GCCATATGCACATGAATGAATTTCTTCAATTATTTAGCTAC,0.0,0.0,2116.0,1.0,8.0,0.0,2117.0,,0.0004723665564478035
GCCATCTGCACCCACCACCTTAAC,0.0,0.0,2051.0,377.0,347.0,0.0,2428.0,,0.15527182866556838
GCCATGAGAGGGTTCAACACTTTCACTAATGAG,0.0,0.0,1984.0,6.0,15.0,0.0,1990.0,,0.003015075376884422
GCCATGGCAATTGCTAAAGCTTCTTCTT,0.0,0.0,2016.0,0.0,13.0,0.0,2016.0,,0.0
GCCCACCACCAAGTTTCTGATCCTTTTTC,0.0,0.0,2223.0,0.0,7.0,0.0,2223.0,,0.0
GCCCCTGTGGAAGTGGAGTCCT,0.0,0.0,2206.0,2047.0,1766.0,0.0,4253.0,,0.4813073124853045
GCCCTACTGCATCAGATCCAAGGGAAC,0.0,0.0,2202.0,22.0,32.0,0.0,2224.0,,0.009892086330935251
GCCGAGCCCTATAACTTGTACAGCTCTC,0.0,0.0,2511.0,12.0,22.0,0.0,2523.0,,0.0047562425683709865
GCCGGAGCATATCAAAGTGGTAATCTGTATCA,0.0,0.0,2163.0,0.0,6.0,0.0,2163.0,,0.0
GCCGGATGGAGTTGTCGGTGTAGAT,0.0,0.0,2276.0,20.0,32.0,0.0,2296.0,,0.008710801393728223
GCCTAGCCCTCCCTTTGTGAAAGAAAC,0.0,0.0,1953.0,14.0,25.0,0.0,1967.0,,0.0071174377224199285
GCCTCAGTACAAACTCATTAGCATCAGGATTATGA,0.0,0.0,1791.0,4.0,9.0,0.0,1795.0,,0.0022284122562674096
GCCTCCAGCTGGATAGTAAATGTAACACCAA,0.0,0.0,2700.0,6.0,16.0,0.0,2706.0,,0.0022172949002217295
GCCTCCAGGTCCAGTTTCTGAACAGATT,0.0,0.0,2410.0,4.0,11.0,0.0,2414.0,,0.0016570008285004142
GCCTCTGAGATCGGCAGTGCTTTCAA,0.0,0.0,1998.0,22.0,37.0,0.0,2020.0,,0.01089108910891089
GCCTGCACCAAGAGTATCAGAGAGACCTAA,0.0,0.0,2501.0,6.0,20.0,0.0,2507.0,,0.0023932987634623054
GCCTGTGGATTCTGTCTTTTCCTTTCCCTTAG,0.0,0.0,1963.0,9.0,15.0,0.0,1972.0,,0.004563894523326572
GCCTTCTCAGCAAAGAGACTAGAGATTCATTTCTG,0.0,0.0,1646.0,2.0,10.0,0.0,1648.0,,0.0012135922330097086
GCCTTCTCTGACACCAGTAGGATTCAAACAAA,0.0,0.0,1616.0,0.0,11.0,0.0,1616.0,,0.0
GCCTTGAAGAAAGTGCTTGTATCTATTCAGAATGTG,0.0,0.0,2395.0,6.0,13.0,0.0,2401.0,,0.0024989587671803417
GCCTTGCCCTCGGGTGATTATTTGG,0.0,0.0,2090.0,2.0,7.0,0.0,2092.0,,0.0009560229445506692
GCGAAGGTGAGGTTACTGCAGATAAAGACAC,0.0,0.0,1839.0,26.0,30.0,0.0,1865.0,,0.013941018766756031
GCGATTTGTGATTCATGCATCTCTCCCTAAATC,0.0,0.0,2296.0,0.0,9.0,0.0,2296.0,,0.0
GCGCACAGCAACATTTTGAGAATAATCTTCTA,0.0,0.0,1957.0,0.0,8.0,0.0,1957.0,,0.0
GCGCCTCTTGTCCTTGGTGATGAAC,0.0,0.0,2066.0,41.0,52.0,0.0,2107.0,,0.01945894636924537
GCGGAGTGTGGAGCTGGACCAG,0.0,0.0,2175.0,9359.0,3237.0,0.0,11534.0,,0.8114270851395873
GCGGGTGGAACCTTAGCGGACC,0.0,0.0,2092.0,91.0,101.0,0.0,2183.0,,0.04168575355016033
GCGTCAGTCTGGTGTGCTAACTCTATGG,0.0,0.0,2405.0,3.0,12.0,0.0,2408.0,,0.0012458471760797341
GCGTGTTTGCGGATGATCTGTTTGTTC,0.0,0.0,2408.0,7.0,16.0,0.0,2415.0,,0.002898550724637681
GCTAAAAGACTTCCTTTGAGGCTCTTTGATAAAACC,0.0,0.0,2384.0,5.0,17.0,0.0,2389.0,,0.002092925910422771
GCTACTAAAGACTTGGAACGATACAATAGTCAAATGAAGA,0.0,0.0,2210.0,3.0,11.0,0.0,2213.0,,0.0013556258472661546
GCTATAGGGAGATGGCAGAAAAGCTTCGTAA,0.0,0.0,1968.0,0.0,10.0,0.0,1968.0,,0.0
GCTATTATTGCACAGCGACTAATTCTCGGTTGATT,0.0,0.0,1406.0,1.0,7.0,0.0,1407.0,,0.0007107320540156361
GCTATTGATGGTGTGGTGTCTGGTTCACTAT,0.0,0.0,2445.0,53.0,57.0,0.0,2498.0,,0.02121697357886309
GCTCCCGTGAAGATGTCCACTCCAG,0.0,0.0,1841.0,336.0,321.0,0.0,2177.0,,0.15434083601286175
GCTCCTGGGCAGTGTAGGATGTGATTTC,0.0,0.0,2658.0,16.0,29.0,0.0,2674.0,,0.005983545250560957
GCTCGATTTGTGCCGTCAGTCTAACA,0.0,0.0,2602.0,14.0,26.0,0.0,2616.0,,0.005351681957186544
GCTCTACACAAGCTTCCTTTCCGTCATG,0.0,0.0,2499.0,6.0,18.0,0.0,2505.0,,0.0023952095808383233
GCTCTACCACTTCTCTGACCTCATGTACTCAT,0.0,0.0,2011.0,12.0,25.0,0.0,2023.0,,0.005931784478497282
GCTCTGAATATGAGTAGATAGTAGTGTGATGGAGTAGG,0.0,0.0,2306.0,30.0,39.0,0.0,2336.0,,0.012842465753424657
GCTCTTACAAAAGGGGTATTGGTCAGTAAAATGGTA,0.0,0.0,2489.0,5.0,13.0,0.0,2494.0,,0.002004811547714515
GCTCTTTTACTTTTGTGACAATTTGTGCTACAAGTG,0.0,0.0,2036.0,14338.0,39.0,0.0,16374.0,,0.8756565286429706
GCTGACCAGTCCCTGTGATGCTTCTAG,0.0,0.0,2288.0,39.0,48.0,0.0,2327.0,,0.01675977653631285
GCTGACCATTCTGCAAAGTTACTACCCAAT,0.0,0.0,2393.0,5.0,18.0,0.0,2398.0,,0.002085070892410342
GCTGACGAAGAACTTGCATTGATAAATACCCAAG,0.0,0.0,2247.0,2.0,15.0,0.0,2249.0,,0.0008892841262783459
GCTGACTGCCATACCTGTCCCTATTGTAA,0.0,0.0,2829.0,2.0,12.0,0.0,2831.0,,0.0007064641469445425
GCTGCTGCTGAGAAGCCCTATCTTTAC,0.0,0.0,2728.0,10.0,23.0,0.0,2738.0,,0.003652300949598247
GCTGGCTACTGAGAAAATATCTGGGAACTTTGT,0.0,0.0,2368.0,10.0,24.0,0.0,2378.0,,0.004205214465937763
GCTGGTAGAAGCGTCTTGAGCAGGATG,0.0,0.0,1838.0,69.0,74.0,0.0,1907.0,,0.03618248557944415
GCTGTCATTGCCTTCCGTTCCAGTTAC,0.0,0.0,2418.0,10.0,21.0,0.0,2428.0,,0.004118616144975288
GCTGTGCACGTGGAACATTCTGTATTCA,0.0,0.0,1997.0,8.0,15.0,0.0,2005.0,,0.00399002493765586
GCTGTTATTTCTTTAGGTGGCCTGTGGATTAAAC,0.0,0.0,2684.0,6.0,17.0,0.0,2690.0,,0.0022304832713754648
GCTGTTTAGAGAGCACAATTTATATCCATCTGTTGA,0.0,0.0,1858.0,0.0,12.0,0.0,1858.0,,0.0
GCTGTTTTTCCAACCTAAAAGTTCTGTCTTAACATG,0.0,0.0,1860.0,0.0,6.0,0.0,1860.0,,0.0
GCTTAAAATCTATTTGCAGTTTGAATGGTCAACATAACATA,0.0,0.0,1091.0,1.0,7.0,0.0,1092.0,,0.0009157509157509158
GCTTACCATTGACATAGAGACTGTCCCTATCC,0.0,0.0,2157.0,525.0,84.0,0.0,2682.0,,0.19574944071588368
GCTTATCTTCCTGTCCAGTCTGCTATCGAAA,0.0,0.0,2466.0,360.0,37.0,0.0,2826.0,,0.12738853503184713
GCTTATTCACGACACAATGCCGAAAGACTTT,0.0,0.0,2490.0,5.0,16.0,0.0,2495.0,,0.002004008016032064
GCTTCACTGAAGGGTCTGGTAGGATCATAC,0.0,0.0,1424.0,3.0,9.0,0.0,1427.0,,0.002102312543798178
GCTTCATGATGTTGACATATTCCTTTGAGACCATTT,0.0,0.0,2067.0,2.0,13.0,0.0,2069.0,,0.0009666505558240696
GCTTCATTGCTGAGGGACTAGACATCACTC,0.0,0.0,2517.0,21.0,31.0,0.0,2538.0,,0.008274231678486997
GCTTCGTGAACTGAAACATCCAAACATCGT,0.0,0.0,2826.0,2.0,15.0,0.0,2828.0,,0.0007072135785007072
GCTTCTGCCATTGTCCTTCACCACTATCTC,0.0,0.0,2731.0,8.0,20.0,0.0,2739.0,,0.0029207740051113546
GCTTGTTCTCTTCAGCAATTCCTCGGAGAAA,0.0,0.0,1802.0,7.0,16.0,0.0,1809.0,,0.003869541182974019
GCTTTCTGCCAAAATTAATGTGCTGAACTTAAACTTA,0.0,0.0,2063.0,0.0,8.0,0.0,2063.0,,0.0
GCTTTGGCTTCACTAATTCCCTTAATATTTATTAGCTCCT,0.0,0.0,1861.0,1.0,10.0,0.0,1862.0,,0.0005370569280343716
GCTTTTTGGAGAGGATGACAGCCTGC,0.0,0.0,2155.0,1737.0,1322.0,0.0,3892.0,,0.44630010277492294
GGAAAAAGGGAATTTGATGTGCGACAGACT,0.0,0.0,3036.0,43.0,49.0,0.0,3079.0,,0.013965573238064306
GGAAAAGGTTTCTAATAAACTCTCTTTCTTACAGCTCTGAT,0.0,0.0,2208.0,9.0,18.0,0.0,2217.0,,0.0040595399188092015
GGAAAATTGCATATATTTCAAGACATTCTATCCAAGCTGTG,0.0,0.0,2960.0,24.0,33.0,0.0,2984.0,,0.00804289544235925
GGAAATCCATTTTTCCCAGGTACATGATGATG,0.0,0.0,2255.0,6.0,16.0,0.0,2261.0,,0.0026536930561698365
GGAACAGATTCAACATCTAAAAAGTACAACAAATGAGCTA,0.0,0.0,2064.0,2.0,8.0,0.0,2066.0,,0.000968054211035818
GGAACTCGAACTCATGAATTCTACCTCAGAGGA,0.0,0.0,1818.0,8.0,17.0,0.0,1826.0,,0.004381161007667032
GGAACTGTTCTCTGTGGTTTCCAGATAGTTGT,0.0,0.0,2330.0,7.0,19.0,0.0,2337.0,,0.002995293110825845
GGAAGACTCCTGCTGTGTGATGACTG,0.0,0.0,1667.0,636.0,204.0,0.0,2303.0,,0.2761615284411637
GGAAGCATGTATTTCACAAAGGCTTATTTAGAAGGA,0.0,0.0,2015.0,4.0,14.0,0.0,2019.0,,0.001981178801386825
GGAAGGGCCCATTGATGCGTTTGTG,0.0,0.0,2288.0,21.0,34.0,0.0,2309.0,,0.009094846253789519
GGAAGTCCCCTCTTTTGATGCAACATTCAT,0.0,0.0,2363.0,1.0,11.0,0.0,2364.0,,0.00042301184433164127
GGAATAAAAACTATTTCTGCATCCAGTGATTTGTATCTTAC,0.0,0.0,1824.0,1.0,6.0,0.0,1825.0,,0.000547945205479452
GGACGAAGGTCACCGCATGAAGAAC,0.0,0.0,2369.0,48.0,26.0,0.0,2417.0,,0.01985932974762102
GGACTCCCGCCGCTGCTAAATATATCC,0.0,0.0,2854.0,2.0,13.0,0.0,2856.0,,0.0007002801120448179
GGACTGATTTCCCTTTCTCGCGGATGAAT,0.0,0.0,2732.0,2.0,7.0,0.0,2734.0,,0.000731528895391368
GGACTGTCAAAATAGAAAAATACCAAAATGTGTGGTGATG,0.0,0.0,2439.0,58.0,63.0,0.0,2497.0,,0.023227873448137766
GGACTGTGCTCGGGAATCAGCAAGTTA,0.0,0.0,2746.0,6.0,18.0,0.0,2752.0,,0.002180232558139535
GGAGAGCTGTAAATTCTGGCTTATAAGGTGTTCAT,0.0,0.0,2261.0,10.0,19.0,0.0,2271.0,,0.004403346543372964
GGAGAGGTGCTAGGTGGCCTTCATC,0.0,0.0,1711.0,320.0,346.0,0.0,2031.0,,0.15755785327424915
GGAGCAGTCCAAAGTGAATGAGGAAACG,0.0,0.0,2577.0,9.0,20.0,0.0,2586.0,,0.0034802784222737818
GGAGCGTGTGTTCTCCGAGGACC,0.0,0.0,2699.0,391.0,268.0,0.0,3090.0,,0.12653721682847896
GGAGGCGTTCCACTTTGTCAGCTAT,0.0,0.0,2704.0,13.0,17.0,0.0,2717.0,,0.004784688995215311
GGAGTGTCTATGGCCACAAAATTGACATTTATCCT,0.0,0.0,2418.0,3.0,14.0,0.0,2421.0,,0.0012391573729863693
GGATCCTTGAATGAGTACGGTGCTCAAGTAT,0.0,0.0,2352.0,7.0,20.0,0.0,2359.0,,0.002967359050445104
GGATGGCAGCACAGCGAATCAGATC,0.0,0.0,1698.0,105.0,81.0,0.0,1803.0,,0.05823627287853577
GGATGTTACCAGGGAGTTGTACATCACTTACAAAT,0.0,0.0,2150.0,1.0,11.0,0.0,2151.0,,0.00046490004649000463
GGCAATGGTCCTTTCTTCGGATTTTGTCA,0.0,0.0,2351.0,6.0,14.0,0.0,2357.0,,0.002545608824777259
GGCACAAGGAAGCGCTCTTGACTC,0.0,0.0,2145.0,105.0,89.0,0.0,2250.0,,0.04666666666666667
GGCACCGGCAAGTTCCAGTCATTG,0.0,0.0,2552.0,10.0,17.0,0.0,2562.0,,0.0039032006245121
GGCACGAAGGTGAATTAAAATCAAAAGGAGATACTTACA,0.0,0.0,1561.0,2.0,13.0,0.0,1563.0,,0.0012795905310300703
GGCACTAGGTGTCTCCCCCTGTAAG,0.0,0.0,2425.0,34.0,41.0,0.0,2459.0,,0.013826758845058967
GGCAGAAGTTCTTCCTGATGGTGATAATAATAGTATGTC,0.0,0.0,2304.0,4.0,7.0,0.0,2308.0,,0.0017331022530329288
GGCAGAGAAGGACAAACATTGCAAATAAGTTCTTG,0.0,0.0,2494.0,0.0,8.0,0.0,2494.0,,0.0
GGCAGAGCTGTTGCACTTTTGTCCTT,0.0,0.0,3021.0,26.0,41.0,0.0,3047.0,,0.00853298326222514
GGCAGGGCCGACATTCATTCTGAAC,0.0,0.0,2472.0,8.0,14.0,0.0,2480.0,,0.0032258064516129032
GGCAGTGAGAAGTCCTAAGGAGTGACTC,0.0,0.0,2092.0,36.0,29.0,0.0,2128.0,,0.016917293233082706
GGCATCACCGTCACCGACAACG,0.0,0.0,2517.0,57.0,71.0,0.0,2574.0,,0.022144522144522144
GGCCAAGGATTTCAGAGGGTTTTACTAGGT,0.0,0.0,2281.0,0.0,5.0,0.0,2281.0,,0.0
GGCCACGCTACTTCCTCCTCAAGAAT,0.0,0.0,2563.0,3.0,13.0,0.0,2566.0,,0.0011691348402182386
GGCCCTGATCATTCCACAGAGTCACC,0.0,0.0,2063.0,121.0,127.0,0.0,2184.0,,0.0554029304029304
GGCCGAGCAGCACTTGTTTGTAACTG,0.0,0.0,2335.0,19.0,28.0,0.0,2354.0,,0.008071367884451997
GGCGAGAAAGAGCTACCCAGGAAGTAG,0.0,0.0,1714.0,30.0,43.0,0.0,1744.0,,0.017201834862385322
GGCGCCGGTAGAGATGTCTCATCA,0.0,0.0,1996.0,28.0,42.0,0.0,2024.0,,0.01383399209486166
GGCTCCTCCGAGACCACAGAGATTG,0.0,0.0,1969.0,43.0,52.0,0.0,2012.0,,0.021371769383697812
GGCTGAGCTCCCCGAAAGAGTAGTC,0.0,0.0,2009.0,7.0,18.0,0.0,2016.0,,0.003472222222222222
GGCTGGAGGACTTCTGGTCGAACAT,0.0,0.0,2332.0,17.0,30.0,0.0,2349.0,,0.007237122179650915
GGCTGGCCAGTCTTTTCTTTGTTATAAATGAAGC,0.0,0.0,2822.0,2.0,10.0,0.0,2824.0,,0.000708215297450425
GGCTGTCCTTCCCTACTGCTTTCCT,0.0,0.0,2746.0,140.0,163.0,0.0,2886.0,,0.04851004851004851
GGCTGTGAAGGTTGCTGTTCCTCATC,0.0,0.0,1925.0,71.0,79.0,0.0,1996.0,,0.03557114228456914
GGCTTCTTTGAGACTTACCAGAATTCCCAGTTAA,0.0,0.0,2275.0,7.0,17.0,0.0,2282.0,,0.003067484662576687
GGCTTGCTAATCTCCCAGAGGAAGTTATTCA,0.0,0.0,1403.0,1.0,11.0,0.0,1404.0,,0.0007122507122507123
GGGAAGCGCCATCTTTGCGAGG,0.0,0.0,2406.0,75.0,80.0,0.0,2481.0,,0.030229746070133012
GGGAAGTCAAATGATCCCTGTTATTTGCAGTC,0.0,0.0,2372.0,4.0,12.0,0.0,2376.0,,0.0016835016835016834
GGGAGCCCAGAGACTAGGGTCATATTCAC,0.0,0.0,2524.0,2.0,14.0,0.0,2526.0,,0.000791765637371338
GGGAGCGACTCATCTCAGTCTGGAAG,0.0,0.0,2602.0,20.0,34.0,0.0,2622.0,,0.007627765064836003
GGGAGCGATTTGAAACAAACAAAGAAACAGTAGTAA,0.0,0.0,2457.0,1.0,11.0,0.0,2458.0,,0.0004068348250610252
GGGAGCGCCGTTGACAGTCATCTT,0.0,0.0,2664.0,18.0,26.0,0.0,2682.0,,0.006711409395973154
GGGAGGAGAGAAGGTGAAGTGCTTGATTT,0.0,0.0,2510.0,7.0,19.0,0.0,2517.0,,0.0027810885975367503
GGGAGTGTGGTGTCTGACTTACTATGGGAAA,0.0,0.0,2113.0,9.0,20.0,0.0,2122.0,,0.004241281809613572
GGGCAAAGAACCACTCACCTGTTGAATTTAAC,0.0,0.0,732.0,7.0,11.0,0.0,739.0,,0.009472259810554804
GGGCAAATATTTTACCATCTGTGACCATTTTGTCTA,0.0,0.0,1790.0,5.0,11.0,0.0,1795.0,,0.002785515320334262
GGGCAGAAACCAGTTCAGCTATTCCAATTATGA,0.0,0.0,1715.0,4.0,18.0,0.0,1719.0,,0.002326934264107039
GGGCAGAATCTCCAAGATGATCTGGAAAAAC,0.0,0.0,2682.0,11.0,18.0,0.0,2693.0,,0.004084663943557371
GGGCCAAACCTTACGATGGGATCCC,0.0,0.0,2101.0,74.0,70.0,0.0,2175.0,,0.03402298850574713
GGGCCTTTGCTCCTTCTTAGATTCTTCCA,0.0,0.0,2263.0,7.0,14.0,0.0,2270.0,,0.0030837004405286344
GGGCTGTCTGACGACCTCATAGACTG,0.0,0.0,2530.0,8.0,18.0,0.0,2538.0,,0.0031520882584712374
GGGTAAACAGTATTCATATATACCTGAATGATCAACTGATT,0.0,0.0,1804.0,0.0,7.0,0.0,1804.0,,0.0
GGGTACACAGGTAATCGGCTCTAAAGAAACAT,0.0,0.0,2309.0,3.0,12.0,0.0,2312.0,,0.0012975778546712802
GGGTGAAAGCATCCAGTTAGCATATACACT,0.0,0.0,1818.0,0.0,9.0,0.0,1818.0,,0.0
GGGTGCTGAGCAGGAAGATGAAGTACT,0.0,0.0,1395.0,10.0,17.0,0.0,1405.0,,0.0071174377224199285
GGGTGTTAATGTGGGAGATCTTCACTTTAGGG,0.0,0.0,1637.0,4.0,17.0,0.0,1641.0,,0.002437538086532602
GGGTTGACTGACACTTAGTATTATTTGAGGCTTTCA,0.0,0.0,2668.0,10.0,23.0,0.0,2678.0,,0.0037341299477221808
GGTAAAACCAATCCCAGTTAAAGGAGATGGATC,0.0,0.0,2223.0,9.0,17.0,0.0,2232.0,,0.004032258064516129
GGTAAGGACAACAGAGAAGATGAAGAGCTAGTTTT,0.0,0.0,1944.0,1.0,11.0,0.0,1945.0,,0.0005141388174807198
GGTACAGGCATCCTTCACCTGCTATTGTT,0.0,0.0,2803.0,0.0,12.0,0.0,2803.0,,0.0
GGTAGAAAGCAGTTCTCATAATCTCAGCATGATTGT,0.0,0.0,2259.0,0.0,9.0,0.0,2259.0,,0.0
GGTAGGCTTGAGTTTGAAGAAACAGAAGAACCT,0.0,0.0,2798.0,3.0,11.0,0.0,2801.0,,0.0010710460549803642
GGTAGGGCATTTAAGTATTGGTTGATATTATTCTTCTTGTG,0.0,0.0,2206.0,1.0,8.0,0.0,2207.0,,0.00045310376076121433
GGTCAGTGACTGAACCACTTTTGTACTTTGC,0.0,0.0,2340.0,3.0,15.0,0.0,2343.0,,0.0012804097311139564
GGTCCAGAGGCTTCTTTGTGCGAATG,0.0,0.0,2754.0,16.0,25.0,0.0,2770.0,,0.005776173285198556
GGTCTATCCTGTACTTACCACAACAACCTTATCTTTT,0.0,0.0,2231.0,0.0,10.0,0.0,2231.0,,0.0
GGTCTCATTTTAAAAGCAACAAACCCCAAATCAAAC,0.0,0.0,3251.0,13.0,16.0,0.0,3264.0,,0.003982843137254902
GGTGCACTTACTCTGTGTGTTTAGATCAGTCAG,0.0,0.0,2846.0,26.0,31.0,0.0,2872.0,,0.009052924791086351
GGTGCTGACTACTACCGCTATCTGATAGAGT,0.0,0.0,2575.0,1.0,11.0,0.0,2576.0,,0.00038819875776397513
GGTGGCCCTTTAGTTGGACTCTGTCT,0.0,0.0,2573.0,57.0,63.0,0.0,2630.0,,0.02167300380228137
GGTGTAAGTGAACATTCAGGTGATTGGTTGG,0.0,0.0,3028.0,19.0,29.0,0.0,3047.0,,0.0062356416147029865
GGTGTCTTATATTGTTGCTCAAAGTCATATAAAGATCACAT,0.0,0.0,2244.0,0.0,11.0,0.0,2244.0,,0.0
GGTGTGTGCTTGTTTGCTGTTTTCATAGC,0.0,0.0,2236.0,36.0,33.0,0.0,2272.0,,0.01584507042253521
GGTTAAGGGCTCTGACTGCTGCAATATCC,0.0,0.0,2995.0,31.0,52.0,0.0,3026.0,,0.010244547257105089
GGTTTCTAGTGGAAGAGTGACAGATTCCATGACTA,0.0,0.0,1950.0,33.0,16.0,0.0,1983.0,,0.01664145234493192
GGTTTGCACTGAAGCTTTACTCACAACATATCTG,0.0,0.0,2186.0,2.0,12.0,0.0,2188.0,,0.0009140767824497258
GTAAATTATCAGACGTTGTTTCAGACGGTACAGATG,0.0,0.0,2094.0,0.0,8.0,0.0,2094.0,,0.0
GTAACACTTCTGGGAAGGAACATGTTAAATACCTTC,0.0,0.0,2172.0,1.0,8.0,0.0,2173.0,,0.0004601932811780948
GTAAGGGCTACTTGATGGTCCATTATGCTAATCTC,0.0,0.0,2547.0,5.0,15.0,0.0,2552.0,,0.001959247648902821
GTACTGCGCCGCGTCCATGTAG,0.0,0.0,1704.0,132.0,107.0,0.0,1836.0,,0.0718954248366013
GTAGAAAGTGCCACTGTGATCGAACCTTCAT,0.0,0.0,2773.0,16.0,23.0,0.0,2789.0,,0.005736823234134099
GTAGAAGACTTCCTCCTCAGCCTATTCTTTTTAGG,0.0,0.0,2348.0,1.0,7.0,0.0,2349.0,,0.0004257130693912303
GTAGAGAAAATTGAGCAGAATGGACTTGCTTTGATT,0.0,0.0,1964.0,2.0,13.0,0.0,1966.0,,0.001017293997965412
GTAGTCCAAGAGCTGCATAGGCTCTTTCTATG,0.0,0.0,2223.0,6.0,17.0,0.0,2229.0,,0.0026917900403768506
GTATGTATTAAACACATGCTAGCATCCAAATTAGGCTAT,0.0,0.0,2693.0,3.0,10.0,0.0,2696.0,,0.001112759643916914
GTATTGCAGTCCAGGCTGAGAACCTTGTAAA,0.0,0.0,1782.0,2.0,8.0,0.0,1784.0,,0.0011210762331838565
GTCACTCTCAGAATCTGATATGACCCTTCGTTT,0.0,0.0,2530.0,6.0,17.0,0.0,2536.0,,0.002365930599369085
GTCATGCTGTTTACATTCACTAAGGCATTTCATTCC,0.0,0.0,2558.0,17.0,25.0,0.0,2575.0,,0.006601941747572815
GTCCACAGTTTTGCCAGAAATATCCACAAGAAC,0.0,0.0,1845.0,3.0,17.0,0.0,1848.0,,0.0016233766233766235
GTCCAGGTTCTTCCAGATGCTGATACTTTATTACA,0.0,0.0,1920.0,0.0,10.0,0.0,1920.0,,0.0
GTCCTATTGCATCAATTATTTGGAACCTGTCATCTG,0.0,0.0,1892.0,19.0,27.0,0.0,1911.0,,0.009942438513867086
GTCCTGGTGTCCCTTAATCCAGGAATCAA,0.0,0.0,2034.0,5.0,16.0,0.0,2039.0,,0.0024521824423737125
GTCGTCTAGCAGAGAACCTTTGCATTCG,0.0,0.0,1812.0,8.0,16.0,0.0,1820.0,,0.004395604395604396
GTCTCCATTACTGATGATACTATCTCAGCTTCTACC,0.0,0.0,2401.0,17.0,24.0,0.0,2418.0,,0.007030603804797354
GTCTCCTGGAGATGGATACTCTCTAGTCTAGC,0.0,0.0,2102.0,0.0,7.0,0.0,2102.0,,0.0
GTCTCCTTTGCCATGTTCAGGTTTTCCAA,0.0,0.0,2395.0,22.0,28.0,0.0,2417.0,,0.009102192800992967
GTCTCTTTACCATTGGCTGAGCAAATAGAGTCT,0.0,0.0,2563.0,4.0,17.0,0.0,2567.0,,0.0015582391897156214
GTCTGGTGACGAGGACTCCCCATTT,0.0,0.0,2764.0,37.0,43.0,0.0,2801.0,,0.013209568011424491
GTCTTGTTGGCCAGATCCGTGAGAAC,0.0,0.0,2010.0,176.0,113.0,0.0,2186.0,,0.08051235132662397
GTCTTTGGTTTCCTTTAGAATGAACAAGGATCCATG,0.0,0.0,2245.0,14.0,33.0,0.0,2259.0,,0.00619743249225321
GTGAAAGCACAGCTCAGCAATTTAGTGAAC,0.0,0.0,2221.0,3.0,11.0,0.0,2224.0,,0.0013489208633093526
GTGAACAGTCTTATTACGTGTTATTTTCCTGGACTT,0.0,0.0,2682.0,3.0,10.0,0.0,2685.0,,0.0011173184357541898
GTGACAACTCTGCTTAAAACAAGTCTAACACAATTG,0.0,0.0,2071.0,0.0,9.0,0.0,2071.0,,0.0
GTGACAGAACACAGTGACATGAGATGCTCATTAGA,0.0,0.0,1879.0,3.0,15.0,0.0,1882.0,,0.001594048884165781
GTGACTACAAAATCAATCTCAAGCTCATGGATAACC,0.0,0.0,2342.0,8.0,18.0,0.0,2350.0,,0.003404255319148936
GTGAGACAGGTGGAACTAGACAAGGTGAAC,0.0,0.0,2223.0,9.0,17.0,0.0,2232.0,,0.004032258064516129
GTGATAGACACGCTGATGATAGTTAATGACAAGG,0.0,0.0,1967.0,3.0,8.0,0.0,1970.0,,0.0015228426395939086
GTGATGATGTACAGATTTGAATAGGTATCCGATTTGTCT,0.0,0.0,2046.0,18.0,20.0,0.0,2064.0,,0.00872093023255814
GTGATGTCACAGGAAGCGAAGAAGAGTG,0.0,0.0,2324.0,23.0,30.0,0.0,2347.0,,0.0097997443544951
GTGATGTTAGCACTCACAATCTGTTGAACACA,0.0,0.0,1917.0,14.0,22.0,0.0,1931.0,,0.0072501294665976174
GTGCTCAGTGTTGGTGGACAAGTGAATTTG,0.0,0.0,2119.0,25.0,35.0,0.0,2144.0,,0.01166044776119403
GTGCTTGTCCATTTTGCTTCCGTTGTCT,0.0,0.0,2505.0,72.0,31.0,0.0,2577.0,,0.027939464493597205
GTGCTTTGAAGGTCTTGAGCACACTTGAG,0.0,0.0,1422.0,22.0,30.0,0.0,1444.0,,0.015235457063711912
GTGGAGAACCCCGAGTACTTGACACC,0.0,0.0,2739.0,46.0,36.0,0.0,2785.0,,0.01651705565529623
GTGGCACCTCAGTTGAAATACTGGCTG,0.0,0.0,2355.0,44.0,46.0,0.0,2399.0,,0.01834097540641934
GTGGTAAGTTAGTGCCTATGTGACAGCAAAC,0.0,0.0,2722.0,70.0,80.0,0.0,2792.0,,0.025071633237822348
GTGGTATAGAGGCTCTTGTGCGTACTGT,0.0,0.0,2489.0,62.0,31.0,0.0,2551.0,,0.024304194433555467
GTGGTCACACTGAATCAGGAAAGCAATTC,0.0,0.0,2262.0,9.0,19.0,0.0,2271.0,,0.003963011889035667
GTGGTGTTCACCAATGCCTTATGCTG,0.0,0.0,2221.0,15.0,26.0,0.0,2236.0,,0.006708407871198569
GTGTATTTACCCAAATCCTCATGCATTTACTCTGTC,0.0,0.0,1480.0,1.0,5.0,0.0,1481.0,,0.0006752194463200541
GTGTCAGTGCTAGAGTACATAGCTTGTTTCTCC,0.0,0.0,2009.0,24.0,27.0,0.0,2033.0,,0.011805213969503197
GTGTCATCAGTCAGTTTTAATTACTAACAAAAGTTGATTGC,0.0,0.0,1992.0,0.0,11.0,0.0,1992.0,,0.0
GTGTGAAATATGATTGAGAGTGACAGCCATACCTTT,0.0,0.0,2375.0,14.0,31.0,0.0,2389.0,,0.0058601925491837585
GTGTTCTGACAATTTTTCTTCCGCTTCATGACTAG,0.0,0.0,2695.0,6.0,14.0,0.0,2701.0,,0.0022213994816734544
GTGTTGTTCACCCATTCAATAATCCCACATTC,0.0,0.0,2534.0,6.0,13.0,0.0,2540.0,,0.002362204724409449
GTTCACTGGTCTATGAACAAAACTTTTTAAAACGATGACT,0.0,0.0,2457.0,3.0,11.0,0.0,2460.0,,0.0012195121951219512
GTTCATCAGAGGAATGTCTGTCAAGGCAAAC,0.0,0.0,2601.0,43.0,47.0,0.0,2644.0,,0.01626323751891074
GTTCTGACATTTGTCAAAAGTTAGTAAATACTCAGGACATG,0.0,0.0,1973.0,14.0,24.0,0.0,1987.0,,0.007045797684952189
GTTCTGCATACATGTAACTAGTGTTTCTTATTAGGACTCTG,0.0,0.0,2307.0,2.0,8.0,0.0,2309.0,,0.0008661758336942399
GTTCTTTACATTACCGAATTGGCTGTAGTTGATTAGAGT,0.0,0.0,2008.0,1.0,16.0,0.0,2009.0,,0.0004977600796416127
GTTGCATTTTTCTGTCTTCTTTGACTGTCCATCT,0.0,0.0,2819.0,30.0,40.0,0.0,2849.0,,0.01053001053001053
GTTGCCATTCTTTGTTTCCACATAATCGATGGAA,0.0,0.0,2654.0,0.0,7.0,0.0,2654.0,,0.0
GTTGCCTATAGTCCAGACAAACGCTGACT,0.0,0.0,2629.0,14.0,23.0,0.0,2643.0,,0.0052970109723798715
GTTGCTTAACTCCACTGACTCCTTACTTCTTCT,0.0,0.0,2058.0,1.0,16.0,0.0,2059.0,,0.00048567265662943174
GTTGGAATGCCGTGGGTCTCAAAGAG,0.0,0.0,2651.0,612.0,124.0,0.0,3263.0,,0.18755746245786087
GTTGTAGCTAACTAACTTCAGAACACCAACTTATACCAT,0.0,0.0,2227.0,0.0,6.0,0.0,2227.0,,0.0
GTTGTTGCATGGCACCGACCTTATTGT,0.0,0.0,2386.0,5.0,15.0,0.0,2391.0,,0.002091175240485153
GTTTGTCTGTGACACGTCCTTGACATCATT,0.0,0.0,2390.0,23.0,30.0,0.0,2413.0,,0.009531703273932863
GTTTTCTGTAGGGTTTCCATGAAATGAGCCATG,0.0,0.0,3290.0,81.0,95.0,0.0,3371.0,,0.024028478196380897
TAAAAAAGCAAGAATATGAAGAAGTAGTTCAGACTGTT,0.0,0.0,2005.0,0.0,6.0,0.0,2005.0,,0.0
TAAAAAGCCACGAAATTAACTAACTCTCTACAATAATACTG,0.0,0.0,1923.0,0.0,9.0,0.0,1923.0,,0.0
TAAAAGGAACTGCTATATTTTGTTGTTTATTGTAGAATGGA,0.0,0.0,1758.0,2.0,10.0,0.0,1760.0,,0.0011363636363636363
TAAAATTCCATCATTTAATTGTAAACGTGTTACTCCTCT,0.0,0.0,2099.0,0.0,9.0,0.0,2099.0,,0.0
TAAAGCTTACAGGTAATTAGGATATTTTACTCACGCTTT,0.0,0.0,2415.0,2.0,8.0,0.0,2417.0,,0.0008274720728175424
TAAAGTGTTGGTTGTTGTGAGGGCTTATACGAAA,0.0,0.0,2582.0,135.0,47.0,0.0,2717.0,,0.049687154950312847
TAACACAAAATGTTTCGTTTTGTTTTTAACTTCATTGTTTC,0.0,0.0,1443.0,6.0,13.0,0.0,1449.0,,0.004140786749482402
TAACTAAATAGGAAAATACCAGCTTCATAGACAAAGGTTCT,0.0,0.0,2504.0,4.0,9.0,0.0,2508.0,,0.001594896331738437
TAAGTGTGTGCTGACATAAATCTTCTCCAATTATTACAA,0.0,0.0,1689.0,0.0,9.0,0.0,1689.0,,0.0
TAATAAAGCCTTCTTAGCATTTCCTTGGATCTTGGT,0.0,0.0,2237.0,13.0,25.0,0.0,2250.0,,0.0057777777777777775
TAATCAATTTAATTCAAAGAAGTGCAGAGCAAGATTTACTC,0.0,0.0,1938.0,0.0,7.0,0.0,1938.0,,0.0
TAATGTTTACCTTTAGATACAAGAAAGGTGGCTACAAG,0.0,0.0,2374.0,45.0,40.0,0.0,2419.0,,0.018602728400165358
TAATTTTGAAGAATATATTCCCTTGGATTCTGACACAGTC,0.0,0.0,1898.0,58.0,49.0,0.0,1956.0,,0.02965235173824131
TACAAAACCAATGACTCCTGTAATAATAAAACTTAAGGTT,0.0,0.0,1289.0,0.0,11.0,0.0,1289.0,,0.0
TACAAACCTTTTCTGGAGTGACATATAGAAGTTTTATGA,0.0,0.0,2080.0,0.0,5.0,0.0,2080.0,,0.0
TACAACTTGAGAACCATAAATATTTGGGAGAAGTGAG,0.0,0.0,2052.0,41.0,57.0,0.0,2093.0,,0.019589106545628284
TACATACTCAGTAGACAACATAAAGCCTCATAATTACTCTG,0.0,0.0,2591.0,9.0,16.0,0.0,2600.0,,0.0034615384615384616
TACATGTTTGTATTATGCTAAGAGTTATTTCTTATCGCTTT,0.0,0.0,2304.0,3.0,10.0,0.0,2307.0,,0.0013003901170351106
TACATTCTCACTGAATTATTGTACTGTTTCAGGAAGG,0.0,0.0,2045.0,16.0,25.0,0.0,2061.0,,0.0077632217370208634
TACCCCTAAAATTAAAAGTAACACTGGATTAATGTTTGA,0.0,0.0,1060.0,2.0,13.0,0.0,1062.0,,0.0018832391713747645
TACCTCCTCTCTTGTTTCTGTGACCTCAGTAC,0.0,0.0,2252.0,39.0,53.0,0.0,2291.0,,0.017023134002618942
TACCTTTTATGAATTCTCTTGGACTTGTAACATCTAATGG,0.0,0.0,1857.0,0.0,6.0,0.0,1857.0,,0.0
TACTGCCGGGAAGACGAGGAGATCTAC,0.0,0.0,2717.0,19.0,21.0,0.0,2736.0,,0.006944444444444444
TACTGCTGGGCATCTATCTCAGACTTCATCT,0.0,0.0,1553.0,14.0,22.0,0.0,1567.0,,0.008934269304403318
TACTGTGTAGGTGGTCTTTTTATTTCTATTAAAGAGCTTTC,0.0,0.0,2450.0,2.0,9.0,0.0,2452.0,,0.0008156606851549756
TACTTTATTCATTTATTTTCTGGAATAGGTGTTTTGAGAT,0.0,0.0,1332.0,4.0,9.0,0.0,1336.0,,0.0029940119760479044
TACTTTGTAAATCAGAGAGTTGACAATTCATAATGCAGAA,0.0,0.0,2506.0,0.0,13.0,0.0,2506.0,,0.0
TAGAAACCTTAGTGTCCCCACATGAGGAAAGTAT,0.0,0.0,2286.0,122.0,17.0,0.0,2408.0,,0.050664451827242524
TAGACACAGAACTGAGCCCAGACCTATACC,0.0,0.0,2585.0,40.0,45.0,0.0,2625.0,,0.015238095238095238
TAGACAGAAATATTTTAGAAAGGGACAACAGTTAAGCTT,0.0,0.0,2776.0,1.0,11.0,0.0,2777.0,,0.00036010082823190496
TAGAGCGTTTGATCATGAGCGGGCTT,0.0,0.0,2230.0,102.0,102.0,0.0,2332.0,,0.04373927958833619
TAGCTAGGAGCAGAAAGTTAAATCTCTTAAATTCTTGTA,0.0,0.0,1806.0,0.0,6.0,0.0,1806.0,,0.0
TAGCTTCATCATACCTTTCACTAAGACAAGAATTTAGA,0.0,0.0,1476.0,1.0,12.0,0.0,1477.0,,0.0006770480704129993
TAGGAGATAATCATAGGAATCCCAAATTAATACACTCTTGT,0.0,0.0,1939.0,9.0,20.0,0.0,1948.0,,0.004620123203285421
TAGGATATCTACTGAAATAAATTCTGCATTGGTGCTAA,0.0,0.0,2252.0,9.0,18.0,0.0,2261.0,,0.003980539584254755
TAGTACACAGCTTGAAATATTACCTATGCCCTTAAATTACT,0.0,0.0,2268.0,0.0,10.0,0.0,2268.0,,0.0
TAGTACATTCATGATACTAGTTTTTGACCCAGTGATTT,0.0,0.0,2524.0,8.0,19.0,0.0,2532.0,,0.00315955766192733
TAGTCGACTGCCTGATAAGACATGAAGATGATTCTT,0.0,0.0,2177.0,1.0,10.0,0.0,2178.0,,0.0004591368227731864
TAGTGTCATTATTTTTAGAAATGTTCATTTATAAAAACGAGACT,0.0,0.0,1572.0,2.0,14.0,0.0,1574.0,,0.0012706480304955528
TAGTTAACAAGTTACACTCTAGATCCTAAACGTAAGAAG,0.0,0.0,1972.0,3.0,12.0,0.0,1975.0,,0.0015189873417721519
TAGTTCTCTAAGTTTAAAATGTACATACCCTGAAAAGTCAC,0.0,0.0,2320.0,21.0,37.0,0.0,2341.0,,0.00897052541648868
TATCCAGGTGTTTGATCACGTTAATTCCCTATCTTG,0.0,0.0,2278.0,5.0,16.0,0.0,2283.0,,0.002190100744634253
TATGCAGGGCTACGATTGGCTGAAGTAC,0.0,0.0,1887.0,41.0,48.0,0.0,1928.0,,0.021265560165975105
TATGCAGTCTTAATCTATTCCAACATTTAAAGTCGAAACTG,0.0,0.0,2402.0,5.0,11.0,0.0,2407.0,,0.002077274615704196
TATGGTCAGTACTTTGGACACTTCAAGCCAAC,0.0,0.0,2880.0,48.0,68.0,0.0,2928.0,,0.01639344262295082
TATTGCATACCTGATCCATATCTAAAGTTGTTTCTATCA,0.0,0.0,1233.0,0.0,7.0,0.0,1233.0,,0.0
TATTGCGCTCGCCCGTGATGATGAT,0.0,0.0,1464.0,71.0,55.0,0.0,1535.0,,0.04625407166123779
TATTTAAGAATCTACCTGTAAGAAAGCAGTTTTACTCAACT,0.0,0.0,2155.0,6.0,14.0,0.0,2161.0,,0.002776492364645997
TCAAAACAAAAATGCAACTTCAAAAAGTAGATTATCCAAAA,0.0,0.0,1707.0,0.0,10.0,0.0,1707.0,,0.0
TCAAACTTTACCCATCTGTCCCGTGATGATG,0.0,0.0,2935.0,43.0,42.0,0.0,2978.0,,0.014439220953660174
TCAACATAACATATATTTTGCTTACATATCTGCTGCAGTG,0.0,0.0,2531.0,341.0,305.0,0.0,2872.0,,0.11873259052924791
TCAAGAAGGAATGAAGCAATGTAGATATAGCATCTGT,0.0,0.0,2426.0,6.0,16.0,0.0,2432.0,,0.0024671052631578946
TCAAGGCTGTTGATGCACCTGTAATGG,0.0,0.0,3000.0,12.0,17.0,0.0,3012.0,,0.00398406374501992
TCACAGCTGTGTTTTCTGAAAGCTGAATTGC,0.0,0.0,2046.0,21.0,32.0,0.0,2067.0,,0.010159651669085631
TCAGACAACTTTTGACAAGATGGACTTTTTAACCAT,0.0,0.0,2199.0,1.0,8.0,0.0,2200.0,,0.00045454545454545455
TCAGATTACTGATTCCCAACTAGATATCTTTGGAATACTAA,0.0,0.0,1951.0,0.0,10.0,0.0,1951.0,,0.0
TCAGCCATGAGACAATAAATCCTTGTGTCTTC,0.0,0.0,2399.0,5.0,14.0,0.0,2404.0,,0.0020798668885191347
TCAGTCTGACAGAGTTCTCATTACCCAAATTTTACT,0.0,0.0,1926.0,2.0,8.0,0.0,1928.0,,0.001037344398340249
TCATCCATACTTTTCTTATCTGCATAGATTTCTGCATAGAG,0.0,0.0,2364.0,1.0,9.0,0.0,2365.0,,0.00042283298097251583
TCATTCCTCACATTGCCATGGGAAGTTGTAA,0.0,0.0,2106.0,8.0,22.0,0.0,2114.0,,0.003784295175023652
TCCAATGCTCCATGAAAACCACATAAAGAATAATTCTC,0.0,0.0,1978.0,0.0,9.0,0.0,1978.0,,0.0
TCCATAAGCTTTTCTTTACATTGAATTCATCGTGTGT,0.0,0.0,2717.0,1.0,6.0,0.0,2718.0,,0.0003679175864606328
TCCATAGTTTTTGCCTTGAACCATGGTTTTTCC,0.0,0.0,2642.0,15.0,22.0,0.0,2657.0,,0.005645464809936018
TCCATATCTTCCTTCTTTAAAACTGAACAATGGCATT,0.0,0.0,1575.0,6.0,13.0,0.0,1581.0,,0.003795066413662239
TCCATGGAGAGCTTGTCTACTTCTGAATTTGC,0.0,0.0,2163.0,8.0,18.0,0.0,2171.0,,0.0036849378166743437
TCCCAACCCCTCTATACTTAATATGGTAATTTCTTATAGG,0.0,0.0,2244.0,1.0,14.0,0.0,2245.0,,0.00044543429844097997
TCCCAATGGAAGCACAGACTGCAATTTGTAC,0.0,0.0,1467.0,3.0,13.0,0.0,1470.0,,0.0020408163265306124
TCCCACAGCACTTTATTTCATGACATATGGTTGT,0.0,0.0,2549.0,2.0,15.0,0.0,2551.0,,0.0007840062720501764
TCCTAAGGATTCTCAATGTGGATTTATTGTCCTTTCA,0.0,0.0,1880.0,9.0,23.0,0.0,1889.0,,0.004764425622022234
TCCTATGTGCTACATATTTCATTACCAGTGTACCTT,0.0,0.0,2287.0,0.0,10.0,0.0,2287.0,,0.0
TCCTCACTGGAGAGCTGTTTACCTATGG,0.0,0.0,1805.0,0.0,6.0,0.0,1805.0,,0.0
TCCTCAGAGTCAGACAAAGACCAGGACTATG,0.0,0.0,1816.0,43.0,23.0,0.0,1859.0,,0.023130715438407747
TCCTGCTCAAGAAGTTCCAGTGCTGTAC,0.0,0.0,2703.0,12.0,20.0,0.0,2715.0,,0.004419889502762431
TCCTTCTGTCTCATTGGATCTAATAGATATTCTACGTCTTG,0.0,0.0,2108.0,1.0,7.0,0.0,2109.0,,0.000474158368895211
TCCTTGATTATCAACTACCTTTCTTCAGCCAGTTTT,0.0,0.0,2595.0,9.0,15.0,0.0,2604.0,,0.0034562211981566822
TCCTTTTTTCCTCATCTCCCTTATTTTACTTCAACAATTC,0.0,0.0,1881.0,1.0,7.0,0.0,1882.0,,0.0005313496280552603
TCGGAGACTGACACCAGGTATTTTGATGA,0.0,0.0,1160.0,0.0,7.0,0.0,1160.0,,0.0
TCGGAGAGTAGACAGAGTTGCCATCTATGAG,0.0,0.0,2051.0,10.0,24.0,0.0,2061.0,,0.0048520135856380394
TCTACTTTGTCAATCTTGGTAGCCACATTCTTGAAG,0.0,0.0,2559.0,17.0,28.0,0.0,2576.0,,0.006599378881987578
TCTATCGGGTTTAAGTTATACAACATAGTACAGTACATTCA,0.0,0.0,1999.0,2.0,11.0,0.0,2001.0,,0.0009995002498750624
TCTCCATGAGTAGGAAGAAGGTTCTCATTTTTACAC,0.0,0.0,1841.0,0.0,5.0,0.0,1841.0,,0.0
TCTCTCTTGGGATTAAAGAATTACAAGACTGGATGAC,0.0,0.0,1745.0,24.0,30.0,0.0,1769.0,,0.013566986998304126
TCTCTGAGTCAGATAGGACAGAAGATTGTGATTCAT,0.0,0.0,1639.0,73.0,40.0,0.0,1712.0,,0.04264018691588785
TCTGACTCACAGAAGTTTTTCTACTACAACTTGTGTAA,0.0,0.0,1755.0,4.0,12.0,0.0,1759.0,,0.0022740193291642978
TCTGCAGTACCTGTGTTTGTAGAGGTAAAATGC,0.0,0.0,1881.0,5.0,11.0,0.0,1886.0,,0.002651113467656416
TCTGCCAAAATTGTTGTTTCTAGTATAAGTTCCTTTAACTG,0.0,0.0,1906.0,2.0,7.0,0.0,1908.0,,0.0010482180293501049
TCTGCCAACTAGAAGCAATGTGTATGTAAAGATGG,0.0,0.0,2365.0,4.0,13.0,0.0,2369.0,,0.0016884761502743773
TCTGCTGGTGAAGTTCAGTCAGTTTTCCTATC,0.0,0.0,2403.0,3.0,10.0,0.0,2406.0,,0.0012468827930174563
TCTGGCTCAGTACACTAAAGCTCCCTCT,0.0,0.0,2651.0,67.0,78.0,0.0,2718.0,,0.024650478292862398
TCTGGGTCCTCAGAAATTGACTTACAGTCA,0.0,0.0,2134.0,4.0,11.0,0.0,2138.0,,0.0018709073900841909
TCTTCCATGATCCCTATAATTTTACACATTACTTTGAATCC,0.0,0.0,1819.0,0.0,5.0,0.0,1819.0,,0.0
TCTTCTCTCCCCATGTGTTAAGACCTTGTTTTTG,0.0,0.0,2270.0,1.0,11.0,0.0,2271.0,,0.00044033465433729633
TCTTCTGTACCATTTGCATATACTCCACTGACTTAC,0.0,0.0,2025.0,6.0,13.0,0.0,2031.0,,0.0029542097488921715
TCTTTTCTCAGAATAACTACCTATTTTTATACCCACAAACA,0.0,0.0,2282.0,10.0,20.0,0.0,2292.0,,0.004363001745200698
TGAAACCGAAAATATTTGATTCAAACAGAGCAACTG,0.0,0.0,1896.0,11.0,16.0,0.0,1907.0,,0.0057682223387519665
TGACTCCGTCCAGTATTGATCGGGAGAG,0.0,0.0,2382.0,10.0,18.0,0.0,2392.0,,0.004180602006688963
TGACTCTTACCATTAACTTGCCAGATATTCACCATC,0.0,0.0,2836.0,19.0,22.0,0.0,2855.0,,0.006654991243432574
TGAGATTATCCTAATCTCACCTTGTTTTCTGAGTTTTTCG,0.0,0.0,1850.0,2.0,8.0,0.0,1852.0,,0.0010799136069114472
TGAGCAGAAAAGGGCCATTAACGAGATGT,0.0,0.0,2550.0,4.0,13.0,0.0,2554.0,,0.0015661707126076742
TGAGCCTTTGCGAGAGGTAATGAATGACA,0.0,0.0,2336.0,6.0,17.0,0.0,2342.0,,0.0025619128949615714
TGAGTCATATAGAATGGAAATAGCTGAACATTCAAGTCAC,0.0,0.0,2675.0,21.0,27.0,0.0,2696.0,,0.007789317507418398
TGAGTGTCAGATAGTCACTCCGTTTACAATTTAATAGC,0.0,0.0,1823.0,0.0,5.0,0.0,1823.0,,0.0
TGAGTGTTCTGAAAGGAAATCTGGAAGAAGATAAACTTG,0.0,0.0,1790.0,1.0,8.0,0.0,1791.0,,0.0005583472920156337
TGAGTTGCTTTATTTTAGCTTGAACATCACACTCAG,0.0,0.0,1995.0,44.0,41.0,0.0,2039.0,,0.02157920549288867
TGATGATGATGATTATGATACGGATTTTGTTCCACCTT,0.0,0.0,2565.0,8.0,14.0,0.0,2573.0,,0.003109211037699184
TGATGGGAGCGCGTGTATGGAGATG,0.0,0.0,2179.0,48.0,65.0,0.0,2227.0,,0.02155365963179165
TGATTTACTGGCTCAACCTAAGTAAACCTGTAATGC,0.0,0.0,2743.0,1.0,10.0,0.0,2744.0,,0.00036443148688046647
TGCACAGGTCCTGGTAATCACTTTGAAGTT,0.0,0.0,2601.0,6.0,12.0,0.0,2607.0,,0.0023014959723820483
TGCAGATACCTACTTTTACATACACACTAACATTCTTTGA,0.0,0.0,1785.0,3.0,14.0,0.0,1788.0,,0.0016778523489932886
TGCAGGAAGAAAGCAAGAATACTGACTTCTTCC,0.0,0.0,1419.0,1.0,15.0,0.0,1420.0,,0.0007042253521126761
TGCATGAACTAAAAACCAAATATGCAAATTGTTCACTTA,0.0,0.0,2082.0,6.0,13.0,0.0,2088.0,,0.0028735632183908046
TGCTACAATTGAGGTATACGAAATTTAGTTTATCACTTCAT,0.0,0.0,1917.0,2.0,8.0,0.0,1919.0,,0.0010422094841063053
TGCTCCCACCAGTTCAGAAGATTATCTCAGA,0.0,0.0,1795.0,0.0,10.0,0.0,1795.0,,0.0
TGCTGTATAACTGCTTTGGTTTTAGGCAATACTTAG,0.0,0.0,2303.0,2.0,10.0,0.0,2305.0,,0.0008676789587852494
TGCTTCTGGTTATTTAACAGATGAAAATGAAGTGGG,0.0,0.0,2790.0,23.0,34.0,0.0,2813.0,,0.008176324209029506
TGGAAACCCACTCTATAGTAATTCAGGGATTTCC,0.0,0.0,1678.0,6.0,14.0,0.0,1684.0,,0.0035629453681710215
TGGAAAGCCAAGTGTTCTTACTTCTTAATGACTG,0.0,0.0,2747.0,2.0,11.0,0.0,2749.0,,0.0007275372862859222
TGGAGAATCTGCTCGAATTAAAGCCAAGTTGA,0.0,0.0,2315.0,12.0,21.0,0.0,2327.0,,0.005156854318865492
TGGAGATGATTTTATTCCTAATGACATTCTAATAGGCTGTG,0.0,0.0,2636.0,12.0,17.0,0.0,2648.0,,0.004531722054380665
TGGAGTTCCAGAATAAAGGTTGGTCCAAG,0.0,0.0,1864.0,21.0,29.0,0.0,1885.0,,0.011140583554376658
TGGATCTACACACCTAAAGATGACAATTTGAGCTTA,0.0,0.0,2234.0,3.0,11.0,0.0,2237.0,,0.0013410818059901655
TGGCAGATCCAGTGGATTTGGTTTTAACG,0.0,0.0,2482.0,4.0,13.0,0.0,2486.0,,0.0016090104585679806
TGGCCTTAGCAAATGCAAACAGAGATGAATTTC,0.0,0.0,2546.0,0.0,10.0,0.0,2546.0,,0.0
TGGTGGGCATAAACTAGTCCACCTTGAAG,0.0,0.0,2514.0,8.0,15.0,0.0,2522.0,,0.0031720856463124504
TGGTTCACCAAGAGAAAAAGTCAGAATTGG,0.0,0.0,688.0,613.0,37.0,0.0,1301.0,,0.4711760184473482
TGGTTCACCAGGAGAAAGAGTCAGAATTG,0.0,0.0,1672.0,705.0,64.0,0.0,2377.0,,0.29659234328986117
TGTAACAGGGTGAAGTTGATGTAAACTCCGTG,0.0,0.0,2261.0,6.0,15.0,0.0,2267.0,,0.002646669607410675
TGTCAACCCTGTTTTTCTCCCTCTTATTGTTCC,0.0,0.0,2111.0,5.0,16.0,0.0,2116.0,,0.0023629489603024575
TGTCAGTCACCAACTTGGAGGAGTTAAATGTG,0.0,0.0,2451.0,6.0,17.0,0.0,2457.0,,0.002442002442002442
TGTCAGTGACTGCATCATGACGGACAG,0.0,0.0,2430.0,76.0,79.0,0.0,2506.0,,0.030327214684756583
TGTCCTCTATACTAGCATTATGGATCTGTAAGTCTGTTTC,0.0,0.0,1991.0,4.0,9.0,0.0,1995.0,,0.0020050125313283208
TGTCTTCATCTGTTGTCAGTATCTCATGTGAGGTA,0.0,0.0,1764.0,4.0,13.0,0.0,1768.0,,0.0022624434389140274
TGTCTTTATCAGCTTTGATAATGGCTCTTCATAGAGTT,0.0,0.0,2460.0,0.0,10.0,0.0,2460.0,,0.0
TGTGATGCTACAAACGTAGATGCATTATGACTGT,0.0,0.0,2324.0,4.0,10.0,0.0,2328.0,,0.001718213058419244
TGTGTCAGAGCACAAGAATTTCAAAGTAACAACC,0.0,0.0,2294.0,2.0,11.0,0.0,2296.0,,0.0008710801393728223
TGTGTGTAAGGATGATACTGGTTGACACAATTGTTT,0.0,0.0,2260.0,3.0,14.0,0.0,2263.0,,0.0013256738842244808
TGTTACTTCTAGACAGCTAATCACATGGCTGTACT,0.0,0.0,2657.0,14.0,21.0,0.0,2671.0,,0.005241482590789966
TGTTGTCTCCACTTGTATATATGGATCAGAGGAGTA,0.0,0.0,1714.0,20.0,32.0,0.0,1734.0,,0.011534025374855825
TGTTTCCAGCGAGAACATGTGGATCCAAT,0.0,0.0,2665.0,8.0,18.0,0.0,2673.0,,0.0029928918817807705
TGTTTGAATGAAGAAGCAAATTCAAAACAGTAAACATTTCC,0.0,0.0,1843.0,0.0,6.0,0.0,1843.0,,0.0
TTAAAGACCAAATGTTCATGAGCCCACCTAGTC,0.0,0.0,2794.0,71.0,70.0,0.0,2865.0,,0.024781849912739965
TTACCTCTCGGCCATGTCCTCTAATTGATCA,0.0,0.0,2450.0,4.0,12.0,0.0,2454.0,,0.0016299918500407497
TTACTGAATACCTAGAGAATGGTCACGTATCCTTTG,0.0,0.0,2480.0,1.0,10.0,0.0,2481.0,,0.00040306328093510683
TTAGGTCTTGGTCAGCTGTCTACTGTTATCACT,0.0,0.0,2226.0,0.0,8.0,0.0,2226.0,,0.0
TTATAATCTGTCCTATATGTGATCCGCAGTTGACTG,0.0,0.0,2611.0,49.0,55.0,0.0,2660.0,,0.018421052631578946
TTATCCTTCTCAGAACATGTGCAGAGTCTCTTTTTG,0.0,0.0,2188.0,6.0,16.0,0.0,2194.0,,0.0027347310847766638
TTATGACAGTCATCTTATCCCATGCGTGTGAAC,0.0,0.0,3008.0,21.0,31.0,0.0,3029.0,,0.006932981181908221
TTATGATTCTCTGCTCGTGTTTGACTATGAAGGAAG,0.0,0.0,1877.0,10.0,16.0,0.0,1887.0,,0.005299417064122946
TTATTAGAGCTTGTTTTGCAGGACTCCTTTACAGTG,0.0,0.0,2335.0,8.0,22.0,0.0,2343.0,,0.0034144259496372174
TTCACCACGTTATTGAACTGAGTTCGAGTCTC,0.0,0.0,2066.0,20.0,30.0,0.0,2086.0,,0.009587727708533078
TTCCCCTTGTGAGTCCATTACCTTTCACAAAG,0.0,0.0,2264.0,3.0,8.0,0.0,2267.0,,0.0013233348037053375
TTCCTCTTCCTTTCATTTCTGGTTTTACTTGCAAAG,0.0,0.0,1810.0,1.0,6.0,0.0,1811.0,,0.0005521811154058532
TTCTACCCCACATCCATTGTCTGAAACTTCAATAAG,0.0,0.0,2539.0,1787.0,40.0,0.0,4326.0,,0.41308368007397134
TTCTAGGAGAAGAGATCAACTTTGGGAAACTTATCA,0.0,0.0,1766.0,2.0,8.0,0.0,1768.0,,0.0011312217194570137
TTCTGAACTAGACGTAGAAGTACTAGATGATGACAATGTAT,0.0,0.0,206.0,0.0,5.0,0.0,206.0,,0.0
TTCTGTGTGGCTATTATCTGCATACCTTTTCCAAG,0.0,0.0,2801.0,8.0,18.0,0.0,2809.0,,0.002847988608045568
TTCTTTGCTTATTGCCACCTACTTAACCTCTTTGTT,0.0,0.0,2213.0,1.0,15.0,0.0,2214.0,,0.00045167118337850043
TTGAAAACCTTGGTCGGTGTCAGATCCATT,0.0,0.0,1621.0,9.0,18.0,0.0,1630.0,,0.005521472392638037
TTGAGAAGCCTAGATTCTTTATTTAGTTTTTCCAGTTCAC,0.0,0.0,2388.0,7.0,13.0,0.0,2395.0,,0.0029227557411273487
TTGCTCACTTTGTTTTATTTCATCTTCTATTATGTGTTTGG,0.0,0.0,2275.0,10.0,19.0,0.0,2285.0,,0.00437636761487965
TTGCTTCTTTCTTGATTTCAGTGTATTCATCGAGATT,0.0,0.0,2167.0,0.0,16.0,0.0,2167.0,,0.0
TTGGTGGCGGGAAAGTTGAGTCTCTC,0.0,0.0,2563.0,9.0,28.0,0.0,2572.0,,0.003499222395023328
TTGTCAAAAGTTTCTGATAAGTGCTGAGCATCTAATTC,0.0,0.0,1968.0,4.0,11.0,0.0,1972.0,,0.002028397565922921
TTGTGGTTTGATTTTCAGGTTTACTTACATTATTGAGGA,0.0,0.0,2192.0,0.0,9.0,0.0,2192.0,,0.0
TTGTTAAAGTAAGTACTAGATATTCCTTGTCATTATCTGCA,0.0,0.0,2339.0,751.0,21.0,0.0,3090.0,,0.243042071197411
TTTAACACTTTTAGCTGCAACCAGAGCTCTAATTTC,0.0,0.0,1791.0,3.0,12.0,0.0,1794.0,,0.0016722408026755853
TTTATCATCACCTCAAACGAGATATATCCCGGATGA,0.0,0.0,2471.0,2.0,9.0,0.0,2473.0,,0.0008087343307723412
TTTATGAACCTAAGATACAGCCGGAGTAGTTATGGT,0.0,0.0,2916.0,4.0,13.0,0.0,2920.0,,0.0013698630136986301
TTTCATGAGTTTTTCCCAGTTCCAGTTCATTTATCC,0.0,0.0,2357.0,0.0,7.0,0.0,2357.0,,0.0
TTTCCCAGGAAATGTTCTCACAAGCACTG,0.0,0.0,2666.0,56.0,59.0,0.0,2722.0,,0.020573108008817047
TTTCCCATAGACAGGGACTTAGAAGAGGTATCAG,0.0,0.0,2353.0,1.0,10.0,0.0,2354.0,,0.0004248088360237893
TTTCCCTTCTGGTATCAAAATGCTCCGGAG,0.0,0.0,2743.0,19.0,27.0,0.0,2762.0,,0.0068790731354091235
TTTCTGTCATCCAAATACTCCACACGCAAATTTC,0.0,0.0,2546.0,1.0,12.0,0.0,2547.0,,0.00039261876717707107
TTTGATGACAAAGTTGAGGATCATGGAGTTGTC,0.0,0.0,1650.0,13.0,23.0,0.0,1663.0,,0.007817197835237523
TTTGATGTACCCCTGCAGCTGAATACTACTG,0.0,0.0,2623.0,9.0,18.0,0.0,2632.0,,0.003419452887537994
TTTGGTGACTGAAATTTACTTAAGAAATAACTGTGATTTGG,0.0,0.0,1926.0,4.0,10.0,0.0,1930.0,,0.002072538860103627
TTTGTGCCCCACTCTGTAACCATTATGCT,0.0,0.0,2645.0,2.0,13.0,0.0,2647.0,,0.0007555723460521345
TTTGTTTTGCTTTGAAAGAAACAGCTAATAAAAAGTTCTCC,0.0,0.0,2766.0,3.0,9.0,0.0,2769.0,,0.0010834236186348862
TTTTAATCAGGTACAGATGAAGTTTTTAGTTGAGCAAATGA,0.0,0.0,1965.0,6.0,17.0,0.0,1971.0,,0.0030441400304414
TTTTCATAGGCTCTGTTCCATGGGAAATTCATAGAC,0.0,0.0,2699.0,1.0,10.0,0.0,2700.0,,0.00037037037037037035
TTTTCCACAAAAGACATTTATCAGGACCTCAACC,0.0,0.0,2487.0,57.0,66.0,0.0,2544.0,,0.02240566037735849
TTTTCCAGAAGTGATGAACTGTTAGGTTCTGATGAC,0.0,0.0,2128.0,16.0,25.0,0.0,2144.0,,0.007462686567164179
TTTTGCCAACTTAAAATTCTAATTTCTGTCTCTCTGTACTT,0.0,0.0,2326.0,3.0,14.0,0.0,2329.0,,0.0012881064834693002
TTTTGGTCGCCTAGTGATACTCCATTGTATAATCTG,0.0,0.0,2511.0,1.0,14.0,0.0,2512.0,,0.0003980891719745223
TTTTGTACATGTGAGACAGGAGTGAAAGTCTTACTG,0.0,0.0,2448.0,3.0,13.0,0.0,2451.0,,0.0012239902080783353
TTTTTCCAGGTATTAGCCTCACTCATCATTCG,0.0,0.0,2520.0,3.0,13.0,0.0,2523.0,,0.0011890606420927466
TTTTTCCCAGGGATAAAAATTCAGCCTTTAATCCAA,0.0,0.0,2371.0,0.0,8.0,0.0,2371.0,,0.0
TTTTTGTTGAATTAAGTGAAACTGCCAGCATACTC,0.0,0.0,2491.0,18.0,24.0,0.0,2509.0,,0.007174172977281785
TTTTTGTTGTTGTTGCAGTTTGTCCTTCCATC,0.0,0.0,2454.0,44.0,56.0,0.0,2498.0,,0.017614091273018415
